Obs_,Time,Date,configName,configAuthor,remark,Observation,Var8,Var9,gsw,gbw,gtw,E_apparent,VPcham,VPref,VPleaf,VPDleaf,H2O_r,H2O_s,H2O_leaf,leaf_area,leaf_width,flashID,Fo,Fm,Fv_Fm,Fs,Fm_,PhiPS2,PS2_1,abs,ETR,TRANS,rh_s,rh_r,Tref,Tmeas,Tleaf,P_atm,flow,flow_s,leak_pct,Qamb,batt,match_time,match_date,rh_adj,type,gsw1sec,gsw2sec,gsw4sec,flr1sec,flr2sec,flr4sec,auto,flow_set,gsw_limit,gsw_period,aw,Bla,Blb,Blc,Bld,Ble,chamber,dark,flash_type,flash_intensity,modrate,flr_limit,flr_period,P1_dur,P2_dur,P3_dur,P1_Fmax,P2_ramp,P2_slp,P3_Fmax,P3_Pred,P3_DeltaF,v_humA,v_humB,v_flowIn,v_flowOut,v_temp,v_irt,v_pres,v_par,v_F,i_LED,b_rhr,m_rhr,span_rhr,b_rhs,m_rhs,span_rhs,z_flowIn,z_flowOut,z_quantum,z_flr,flashId,lciSerNum,lcpSerNum,lcfSerNum,lcrhSerNum,version,configUpdatedAt,gsw_corrected,Ta_chamb_corrected,T_out_corrected,W_chamb_corrected,stomatal_sidedness
1,11:43:14,01/09/0025,Auto gsw+F,LI-COR Default,NaN,1,NaN,NaN,0.309352,2.923501,0.27975,3.589984,0.803499,0.700977,2.096946,1.293447,6.856044,7.858778,20.509586,0.441786,7.5,PSF-00238_20250109114314_809,0,0,0,88.05764,197.570221,0.554297,0.5,0.8,143.2659,1,35.4,30.88,19.47,18.2,18.2,102.24,156.9,157.6,-0.4,646,4.117,11:42:52,01/09/0025,1.75,1,0,-0.002,0.017,0.451,1.291,3.721,1,150,0.005,2,0.058905,0,0.02923,0,0,-6.8e-05,standard,0,mpf,7000,500,5,2,300,300,300,178.429123,25,-13.27648,176.662445,178.551758,-1.889313,2.489421,2.43933,1.650509,0.933746,0.34043,-0.012974,0.042861,0.623522,88.05764,0.001012,2.433934,-6.6e-05,1,2.383437,-5.3e-05,1,0.60157,0.600478,0.107326,0,PSF-00238_20250109114314_809,PFA-00249,PSA-00261,PSF-00238,RHS-00257,3.0.0,2021-01-19T12:57:14.097Z,0.250684472817859,19.3145208520301,19.1590417040603,0.00728935991741975,1
2,11:43:28,01/09/0025,Auto gsw+F,LI-COR Default,NaN,2,NaN,NaN,0.247795,2.922995,0.22843,3.330897,0.791332,0.696161,2.259942,1.46861,6.808983,7.739834,22.103958,0.441786,7.5,PSF-00238_20250109114328_bc7,0,0,0,204.492691,319.694214,0.360349,0.5,0.8,217.158768,1,34.9,30.71,19.45,19.39,19.39,102.24,156.9,157,-0.1,1507,4.116,11:42:52,01/09/0025,1.75,1,0.002,0.001,-9999,0.706,3.562,-9999,1,150,0.005,2,0.058905,0,0.02923,0,0,-6.8e-05,standard,0,mpf,7000,500,5,2,300,300,300,302.501312,25,-12.547063,299.736145,301.720642,-1.984497,2.489141,2.43861,1.649978,0.932205,0.340701,0.000622,0.04463,1.310889,204.492691,0.000996,2.433934,-6.6e-05,1,2.383437,-5.3e-05,1,0.60157,0.600478,0.107326,0,PSF-00238_20250109114328_bc7,PFA-00249,PSA-00261,PSF-00238,RHS-00257,3.0.0,2021-01-19T12:57:14.097Z,0.203556257680872,19.3057653175703,19.1615306351406,0.00721174250805613,1
3,11:43:51,01/09/0025,Auto gsw+F,LI-COR Default,NaN,3,NaN,NaN,0.267302,2.923956,0.244913,3.748306,0.81341,0.706411,2.354023,1.540613,6.908884,7.955359,23.022959,0.441786,7.5,PSF-00238_20250109114351_016,0,0,0,159.157639,256.232941,0.378856,0.5,0.8,256.744293,1,35.95,31.22,19.41,20.05,20.05,102.25,157,156.1,0.6,1694,4.115,11:42:52,01/09/0025,1.75,1,0,-0.002,-9999,-1.309,0.127,-9999,1,150,0.005,2,0.058905,0,0.02923,0,0,-6.8e-05,standard,0,mpf,7000,500,5,2,300,300,300,229.597809,25,-21.300068,219.176895,225.720749,-6.543854,2.489985,2.440151,1.650988,0.929839,0.341152,0.00841,0.047757,1.460774,159.157639,0.000983,2.433934,-6.6e-05,1,2.383437,-5.3e-05,1,0.60157,0.600478,0.107326,0,PSF-00238_20250109114351_016,PFA-00249,PSA-00261,PSF-00238,RHS-00257,3.0.0,2021-01-19T12:57:14.097Z,0.218151161598488,19.248214848057,19.086429696114,0.00735608397339667,1
4,11:44:04,01/09/0025,Auto gsw+F,LI-COR Default,NaN,4,NaN,NaN,0.233616,2.920542,0.216313,3.551803,0.814185,0.712528,2.466019,1.651834,6.969115,7.963407,24.119724,0.441786,7.5,PSF-00238_20250109114404_db4,0,0,0,127.906677,205.219833,0.376733,0.5,0.8,276.828186,1,36.04,31.54,19.39,20.8,20.8,102.24,156.6,157.8,-0.8,1837,4.114,11:42:52,01/09/0025,1.75,1,-0.001,0.001,0.005,-1.773,2.596,-8.032,1,150,0.005,2,0.058905,0,0.02923,0,0,-6.8e-05,standard,0,mpf,7000,500,5,2,300,300,300,189.006683,25,-11.703334,186.249023,188.454895,-2.205872,2.490513,2.440293,1.647408,0.934177,0.341515,0.017274,0.049412,1.574869,127.906677,0.001001,2.433934,-6.6e-05,1,2.383437,-5.3e-05,1,0.60157,0.600478,0.107326,0,PSF-00238_20250109114404_db4,PFA-00249,PSA-00261,PSF-00238,RHS-00257,3.0.0,2021-01-19T12:57:14.097Z,0.192066783124795,19.2362007549006,19.0824015098013,0.00739617200980889,1
5,11:44:17,01/09/0025,Auto gsw+F,LI-COR Default,NaN,5,NaN,NaN,0.256395,2.922411,0.235715,3.742151,0.815046,0.708111,2.412419,1.597373,6.92659,7.97261,23.597782,0.441786,7.5,PSF-00238_20250109114417_af4,0,0,0,121.572731,206.909836,0.412436,0.5,0.8,259.847595,1,36.12,31.39,19.37,20.45,20.45,102.23,156.8,137.5,12.3,1575,4.109,11:42:52,01/09/0025,1.75,1,-0.003,-0.003,-0.007,-0.981,-0.741,1.478,1,150,0.005,2,0.058905,0,0.02923,0,0,-6.8e-05,standard,0,mpf,7000,500,5,2,300,300,300,188.266037,25,-13.38172,185.070282,187.740616,-2.670334,2.490259,2.440414,1.649364,0.884027,0.341775,0.013424,0.051125,1.365604,121.572731,0.000987,2.433934,-6.6e-05,1,2.383437,-5.3e-05,1,0.60157,0.600478,0.107326,0,PSF-00238_20250109114417_af4,PFA-00249,PSA-00261,PSF-00238,RHS-00257,3.0.0,2021-01-19T12:57:14.097Z,0.209171485779112,19.2086039284806,19.0472078569612,0.00737654123255238,1
1,13:00:33,01/09/0025,Auto gsw+F,LI-COR Default,NaN,1,NaN,NaN,0.088708,2.919753,0.086093,1.186119,0.734531,0.700572,2.121942,1.387411,6.859526,7.192033,20.776623,0.441786,7.5,PSF-00238_20250109130033_344,0,0,0,115.849258,439.244659,0.736253,0.5,0.8,37.391491,1,30.49,29.08,20.43,18.38,18.38,102.13,156.5,156.1,0.3,127,4.115,13:00:18,01/09/0025,-0.51,1,0.003,0.003,0.028,-0.111,-0.014,0.771,1,150,0.005,2,0.058905,0,0.02923,0,0,-6.8e-05,standard,0,mpf,7000,500,5,2,300,300,300,403.848053,25,-26.088455,392.982605,401.873138,-8.890533,2.486301,2.435245,1.646584,0.929832,0.327519,-0.021777,0.162305,0.208755,115.849258,0.001025,2.433934,-6.6e-05,1,2.383437,-5.3e-05,1,0.60157,0.600478,0.107326,0,PSF-00238_20250109130033_344,PFA-00249,PSA-00261,PSF-00238,RHS-00257,3.0.0,2021-01-19T12:57:14.097Z,0.0761764154348828,20.3777419066134,20.3254838132267,0.00700535312884499,1
2,13:00:49,01/09/0025,Auto gsw+F,LI-COR Default,NaN,2,NaN,NaN,0.085084,2.921854,0.082676,1.121903,0.750179,0.718117,2.116619,1.36644,7.031384,7.345319,20.724707,0.441786,7.5,PSF-00238_20250109130049_51e,0,0,0,103.446365,380.965759,0.728463,0.5,0.8,41.503986,1,31.16,29.83,20.41,18.34,18.34,102.13,156.7,156.7,0,142,4.114,13:00:18,01/09/0025,-0.51,1,0,-0.003,-9999,0.245,0.516,-9999,1,150,0.005,2,0.058905,0,0.02923,0,0,-6.8e-05,standard,0,mpf,7000,500,5,2,300,300,300,342.64505,25,-27.735994,334.602722,341.234131,-6.631409,2.487531,2.436246,1.64878,0.931565,0.32769,-0.022072,0.164863,0.221114,103.446365,0.001025,2.433934,-6.6e-05,1,2.383437,-5.3e-05,1,0.60157,0.600478,0.107326,0,PSF-00238_20250109130049_51e,PFA-00249,PSA-00261,PSF-00238,RHS-00257,3.0.0,2021-01-19T12:57:14.097Z,0.0726920594198546,20.3609093208753,20.3118186417507,0.00716489202957931,1
3,13:00:59,01/09/0025,Auto gsw+F,LI-COR Default,NaN,3,NaN,NaN,0.099429,2.920414,0.096155,1.312122,0.758827,0.721287,2.132845,1.374018,7.06199,7.429541,20.882299,0.441786,7.5,PSF-00238_20250109130059_32c,0,0,0,117.395638,424.355835,0.723356,0.5,0.8,32.599167,1,31.56,30,20.39,18.47,18.47,102.14,156.5,157.2,-0.4,113,4.113,13:00:18,01/09/0025,-0.51,1,0.003,0.003,-9999,0.328,0.719,-9999,1,150,0.005,2,0.058905,0,0.02923,0,0,-6.8e-05,standard,0,mpf,7000,500,5,2,300,300,300,392.701508,25,-23.406668,382.071747,390.825958,-8.754211,2.487811,2.436839,1.647275,0.932655,0.327958,-0.020491,0.166303,0.197332,117.395638,0.001012,2.433934,-6.6e-05,1,2.383437,-5.3e-05,1,0.60157,0.600478,0.107326,0,PSF-00238_20250109130059_32c,PFA-00249,PSA-00261,PSF-00238,RHS-00257,3.0.0,2021-01-19T12:57:14.097Z,0.084532319158124,20.3325639078515,20.275127815703,0.00721849748295199,1
4,13:01:12,01/09/0025,Auto gsw+F,LI-COR Default,NaN,4,NaN,NaN,0.126153,2.920427,0.120929,2.247458,0.791268,0.72698,2.657673,1.866404,7.116755,7.746103,26.017227,0.441786,7.5,PSF-00238_20250109130112_d9d,0,0,0,111.205818,183.852188,0.395135,0.5,0.8,284.943024,1,32.95,30.27,20.37,22.03,22.03,102.15,156.5,157.7,-0.7,1803,4.112,13:00:18,01/09/0025,-0.51,1,0.001,-0.001,-9999,-1.596,-2.431,-9999,1,150,0.005,2,0.058905,0,0.02923,0,0,-6.8e-05,standard,0,mpf,7000,500,5,2,300,300,300,164.430862,25,-14.122931,160.233017,163.621185,-3.388168,2.48826,2.438884,1.647288,0.933997,0.328219,0.020026,0.168217,1.547542,111.205818,0.000994,2.433934,-6.6e-05,1,2.383437,-5.3e-05,1,0.60157,0.600478,0.107326,0,PSF-00238_20250109130112_d9d,PFA-00249,PSA-00261,PSF-00238,RHS-00257,3.0.0,2021-01-19T12:57:14.097Z,0.106526883700633,20.2719890469668,20.1739780939336,0.00738473380905897,1
5,13:01:22,01/09/0025,Auto gsw+F,LI-COR Default,NaN,5,NaN,NaN,0.107145,2.921986,0.103355,1.818356,0.774867,0.722912,2.542754,1.767886,7.077293,7.585936,24.893509,0.441786,7.5,PSF-00238_20250109130122_fa7,0,0,0,125.166893,239.646286,0.477702,0.5,0.8,275.148193,1,32.27,30.11,20.37,21.3,21.3,102.15,156.7,157.4,-0.4,1440,4.112,13:00:18,01/09/0025,-0.51,1,-0.002,-0.001,-9999,0.502,0.872,-9999,1,150,0.005,2,0.058905,0,0.02923,0,0,-6.8e-05,standard,0,mpf,7000,500,5,2,300,300,300,214.892151,25,-18.055796,209.947937,213.781494,-3.833557,2.487995,2.437893,1.648919,0.933112,0.328263,0.01175,0.169813,1.257662,125.166893,0.001012,2.433934,-6.6e-05,1,2.383437,-5.3e-05,1,0.60157,0.600478,0.107326,0,PSF-00238_20250109130122_fa7,PFA-00249,PSA-00261,PSF-00238,RHS-00257,3.0.0,2021-01-19T12:57:14.097Z,0.0908687277477672,20.2908172596709,20.2116345193418,0.00729509577608566,1
6,13:01:41,01/09/0025,Auto gsw+F,LI-COR Default,NaN,6,NaN,NaN,0.135127,2.921062,0.129153,2.350809,0.785538,0.718324,2.613904,1.828366,7.032088,7.690084,25.589003,0.441786,7.5,PSF-00238_20250109130141_a47,0,0,0,125.324249,210.024506,0.403288,0.5,0.8,299.945648,1,32.75,29.95,20.36,21.75,21.75,102.15,156.6,157.7,-0.7,1859,4.111,13:00:18,01/09/0025,-0.51,1,0.002,0.001,0.003,-1.677,-4.043,-10.882,1,150,0.005,2,0.058905,0,0.02923,0,0,-6.8e-05,standard,0,mpf,7000,500,5,2,300,300,300,195.894958,25,-9.760036,194.784882,196.04332,-1.258438,2.487732,2.438592,1.647951,0.933879,0.328463,0.017101,0.172569,1.592723,125.324249,0.000977,2.433934,-6.6e-05,1,2.383437,-5.3e-05,1,0.60157,0.600478,0.107326,0,PSF-00238_20250109130141_a47,PFA-00249,PSA-00261,PSF-00238,RHS-00257,3.0.0,2021-01-19T12:57:14.097Z,0.113971025439897,20.257592341131,20.155184682262,0.00731747918214614,1
7,13:01:50,01/09/0025,Auto gsw+F,LI-COR Default,NaN,7,NaN,NaN,0.12794,2.921626,0.122573,2.409058,0.77799,0.709146,2.750684,1.972694,6.943222,7.617271,26.931845,0.441786,7.5,PSF-00238_20250109130150_312,0,0,0,107.84626,174.79866,0.383026,0.5,0.8,289.599487,1,32.44,29.57,20.35,22.59,22.59,102.14,156.7,156.7,0,1890,4.111,13:00:18,01/09/0025,-0.51,1,0.001,0.001,-9999,-0.726,-1.37,-9999,1,150,0.005,2,0.058905,0,0.02923,0,0,-6.8e-05,standard,0,mpf,7000,500,5,2,300,300,300,156.608459,25,-13.310048,152.810089,155.732117,-2.922028,2.487119,2.438141,1.648541,0.931542,0.328504,0.026826,0.173785,1.617352,107.84626,0.000986,2.433934,-6.6e-05,1,2.383437,-5.3e-05,1,0.60157,0.600478,0.107326,0,PSF-00238_20250109130150_312,PFA-00249,PSA-00261,PSF-00238,RHS-00257,3.0.0,2021-01-19T12:57:14.097Z,0.108301305402608,20.2449692522971,20.1399385045942,0.00723201589927074,1
8,13:01:58,01/09/0025,Auto gsw+F,LI-COR Default,NaN,8,NaN,NaN,0.141474,2.92107,0.134939,2.666409,0.787647,0.711421,2.77073,1.983083,6.965362,7.711675,27.127581,0.441786,7.5,PSF-00238_20250109130158_c4f,0,0,0,99.114059,154.383209,0.358,0.5,0.8,284.203735,1,32.84,29.66,20.35,22.71,22.71,102.14,156.6,157.4,-0.5,1985,4.11,13:00:18,01/09/0025,-0.51,1,-0.002,0,-9999,0.178,0.649,-9999,1,150,0.005,2,0.058905,0,0.02923,0,0,-6.8e-05,standard,0,mpf,7000,500,5,2,300,300,300,138.318665,25,-11.543661,134.990219,137.847,-2.856781,2.487277,2.438735,1.647959,0.933322,0.328518,0.02823,0.174755,1.69281,99.114059,0.000975,2.433934,-6.6e-05,1,2.383437,-5.3e-05,1,0.60157,0.600478,0.107326,0,PSF-00238_20250109130158_c4f,PFA-00249,PSA-00261,PSF-00238,RHS-00257,3.0.0,2021-01-19T12:57:14.097Z,0.119279906127037,20.2337905411348,20.1175810822696,0.0072841280178052,1
9,13:02:10,01/09/0025,Auto gsw+F,LI-COR Default,NaN,9,NaN,NaN,0.15545,2.922481,0.147599,2.205321,0.755162,0.692166,2.25874,1.503578,6.77669,7.393456,22.114317,0.441786,7.5,PSF-00238_20250109130210_4e8,0,0,0,89.182732,237.908722,0.625139,0.5,0.8,377.413574,1,31.52,28.89,20.33,19.39,19.39,102.14,156.8,157.3,-0.3,1509,4.11,13:00:18,01/09/0025,-0.51,1,0.001,-0.001,0.009,0.456,0.882,2.492,1,150,0.005,2,0.058905,0,0.02923,0,0,-6.8e-05,standard,0,mpf,7000,500,5,2,300,300,300,200.281616,25,-27.509186,192.875504,198.502014,-5.626511,2.48602,2.436798,1.649437,0.932886,0.328753,-0.009558,0.176441,1.313072,89.182732,0.001004,2.433934,-6.6e-05,1,2.383437,-5.3e-05,1,0.60157,0.600478,0.107326,0,PSF-00238_20250109130210_4e8,PFA-00249,PSA-00261,PSF-00238,RHS-00257,3.0.0,2021-01-19T12:57:14.097Z,0.131059573595725,20.2335240468704,20.1370480937408,0.00704043079696368,1
10,13:02:21,01/09/0025,Auto gsw+F,LI-COR Default,NaN,10,NaN,NaN,0.169917,2.922334,0.16058,2.648181,0.761151,0.685502,2.419305,1.658154,6.711595,7.452258,23.686865,0.441786,7.5,PSF-00238_20250109130221_10e,0,0,0,85.090759,194.900421,0.563414,0.5,0.8,394.242645,1,31.78,28.62,20.33,20.49,20.49,102.14,156.8,157.4,-0.4,1749,4.109,13:00:18,01/09/0025,-0.51,1,-0.001,0.001,0.018,0.868,1.771,1.419,1,150,0.005,2,0.058905,0,0.02923,0,0,-6.8e-05,standard,0,mpf,7000,500,5,2,300,300,300,170.109268,25,-17.587662,166.396744,169.706223,-3.309479,2.485579,2.437182,1.649283,0.933184,0.328821,0.003006,0.177735,1.504822,85.090759,0.000998,2.433934,-6.6e-05,1,2.383437,-5.3e-05,1,0.60157,0.600478,0.107326,0,PSF-00238_20250109130221_10e,PFA-00249,PSA-00261,PSF-00238,RHS-00257,3.0.0,2021-01-19T12:57:14.097Z,0.143045832939705,20.2142017597812,20.0984035195625,0.00703086202926159,1
11,13:02:29,01/09/0025,Auto gsw+F,LI-COR Default,NaN,11,NaN,NaN,0.153333,2.920203,0.145683,2.875085,0.773151,0.690889,2.754095,1.980944,6.764138,7.569525,26.963921,0.441786,7.5,PSF-00238_20250109130229_775,0,0,0,97.278717,147.263718,0.339425,0.5,0.8,267.611237,1,32.28,28.85,20.33,22.61,22.61,102.14,156.5,157.4,-0.5,1971,4.109,13:00:18,01/09/0025,-0.51,1,0.001,0,-9999,0.146,0.331,-9999,1,150,0.005,2,0.058905,0,0.02923,0,0,-6.8e-05,standard,0,mpf,7000,500,5,2,300,300,300,132.83551,25,-10.435926,129.54747,132.314331,-2.766861,2.485948,2.437919,1.647054,0.933132,0.328819,0.027337,0.178789,1.681944,97.278717,0.000988,2.433934,-6.6e-05,1,2.383437,-5.3e-05,1,0.60157,0.600478,0.107326,0,PSF-00238_20250109130229_775,PFA-00249,PSA-00261,PSF-00238,RHS-00257,3.0.0,2021-01-19T12:57:14.097Z,0.129117700733893,20.2044986874424,20.0789973748849,0.00711157013545408,1
12,13:02:45,01/09/0025,Auto gsw+F,LI-COR Default,NaN,12,NaN,NaN,0.163288,2.92487,0.154654,2.281342,0.765422,0.700389,2.249774,1.484351,6.857615,7.494368,22.02788,0.441786,7.5,PSF-00238_20250109130245_3bf,0,0,0,89.737061,220.241928,0.592552,0.5,0.8,355.627869,1,32.02,29.3,20.3,19.32,19.32,102.13,157.1,157.8,-0.5,1500,4.079,13:00:18,01/09/0025,-0.51,1,0,0.001,-9999,0.497,1.039,-9999,1,150,0.005,2,0.058905,0,0.02923,0,0,-6.8e-05,standard,0,mpf,7000,500,5,2,300,300,300,194.396851,25,-18.17555,191.057327,194.205582,-3.148254,2.486689,2.437534,1.651951,0.934282,0.329205,-0.009885,0.180891,1.305952,89.737061,0.001011,2.433934,-6.6e-05,1,2.383437,-5.3e-05,1,0.60157,0.600478,0.107326,0,PSF-00238_20250109130245_3bf,PFA-00249,PSA-00261,PSF-00238,RHS-00257,3.0.0,2021-01-19T12:57:14.097Z,0.137284765369388,20.2006246410213,20.1012492820425,0.00713266361763635,1
13,13:03:01,01/09/0025,Auto gsw+F,LI-COR Default,NaN,13,NaN,NaN,0.082722,2.921245,0.080444,1.057482,0.752904,0.722669,2.07687,1.323966,7.075886,7.371929,20.335304,0.441786,7.5,PSF-00238_20250109130301_efa,0,0,0,105.923653,483.557098,0.780949,0.5,0.8,16.372871,1,31.51,30.24,20.29,18.04,18.04,102.13,156.6,157.4,-0.5,52,4.109,13:00:18,01/09/0025,-0.51,1,0,0,-9999,0.553,1.193,-9999,1,150,0.005,2,0.058905,0,0.02923,0,0,-6.8e-05,standard,0,mpf,7000,500,5,2,300,300,300,473.286865,25,-7.087321,479.164825,473.404572,5.760254,2.488231,2.436784,1.648143,0.933214,0.329297,-0.024033,0.182939,0.149197,105.923653,0.001021,2.433934,-6.6e-05,1,2.383437,-5.3e-05,1,0.60157,0.600478,0.107326,0,PSF-00238_20250109130301_efa,PFA-00249,PSA-00261,PSF-00238,RHS-00257,3.0.0,2021-01-19T12:57:14.097Z,0.0709890881746162,20.2434971958777,20.1969943917555,0.00720174283312236,1
14,13:03:12,01/09/0025,Auto gsw+F,LI-COR Default,NaN,14,NaN,NaN,0.136884,2.921959,0.130758,2.486698,0.788717,0.717678,2.697984,1.909267,7.026538,7.722053,26.415018,0.441786,7.5,PSF-00238_20250109130312_5d7,0,0,0,109.100815,156.197586,0.30152,0.5,0.8,236.856003,1,33.02,30.05,20.29,22.27,22.27,102.14,156.7,157.8,-0.7,1964,4.108,13:00:18,01/09/0025,-0.51,1,0,0.001,0.019,-0.481,-1.085,-1.703,1,150,0.005,2,0.058905,0,0.02923,0,0,-6.8e-05,standard,0,mpf,7000,500,5,2,300,300,300,145.242691,25,-7.780449,143.428085,145.052155,-1.624069,2.487915,2.43901,1.64889,0.934221,0.329395,0.023906,0.184182,1.676179,109.100815,0.000969,2.433934,-6.6e-05,1,2.383437,-5.3e-05,1,0.60157,0.600478,0.107326,0,PSF-00238_20250109130312_5d7,PFA-00249,PSA-00261,PSF-00238,RHS-00257,3.0.0,2021-01-19T12:57:14.097Z,0.115283974797805,20.1819221157781,20.0738442315562,0.0073270247517605,1
15,13:03:24,01/09/0025,Auto gsw+F,LI-COR Default,NaN,15,NaN,NaN,0.150561,2.91927,0.143176,2.09027,0.775128,0.715279,2.244238,1.469109,7.003016,7.588975,21.972443,0.441786,7.5,PSF-00238_20250109130324_010,0,0,0,90.97052,232.097931,0.608051,0.5,0.8,388.54184,1,32.45,29.95,20.29,19.28,19.28,102.14,156.4,157.2,-0.5,1597,4.108,13:00:18,01/09/0025,-0.51,1,-0.002,0,0.01,0.399,1.023,2.999,1,150,0.005,2,0.058905,0,0.02923,0,0,-6.8e-05,standard,0,mpf,7000,500,5,2,300,300,300,199.586395,25,-23.577229,193.20845,198.323715,-5.115265,2.487746,2.438171,1.646082,0.932831,0.329373,-0.010184,0.185658,1.383507,90.97052,0.001017,2.433934,-6.6e-05,1,2.383437,-5.3e-05,1,0.60157,0.600478,0.107326,0,PSF-00238_20250109130324_010,PFA-00249,PSA-00261,PSF-00238,RHS-00257,3.0.0,2021-01-19T12:57:14.097Z,0.126363241727765,20.1987793035865,20.1075586071731,0.00725674917539537,1
16,13:03:35,01/09/0025,Auto gsw+F,LI-COR Default,NaN,16,NaN,NaN,0.126633,2.920011,0.12137,2.263334,0.770746,0.705985,2.643356,1.872611,6.912988,7.547117,25.883665,0.441786,7.5,PSF-00238_20250109130335_0d5,0,0,0,129.398697,235.095154,0.44959,0.5,0.8,326.483307,1,32.27,29.56,20.28,21.94,21.94,102.12,156.5,157.2,-0.4,1815,4.107,13:00:18,01/09/0025,-0.51,1,0.001,0.003,0.019,-1.446,-2.52,-1.567,1,150,0.005,2,0.058905,0,0.02923,0,0,-6.8e-05,standard,0,mpf,7000,500,5,2,300,300,300,212.578293,25,-15.67521,209.949738,212.640533,-2.690796,2.48712,2.43791,1.646854,0.932682,0.329408,0.020035,0.186863,1.55763,129.398697,0.001005,2.433934,-6.6e-05,1,2.383437,-5.3e-05,1,0.60157,0.600478,0.107326,0,PSF-00238_20250109130335_0d5,PFA-00249,PSA-00261,PSF-00238,RHS-00257,3.0.0,2021-01-19T12:57:14.097Z,0.107187863602582,20.1811001517014,20.0822003034029,0.00718401195612611,1
17,13:03:54,01/09/0025,Auto gsw+F,LI-COR Default,NaN,17,NaN,NaN,0.11619,2.921146,0.111745,2.076081,0.76123,0.701868,2.627321,1.866091,6.871866,7.453065,25.723625,0.441786,7.5,PSF-00238_20250109130354_161,0,0,0,199.717636,307.738861,0.351016,0.5,0.8,235.949097,1,31.87,29.38,20.29,21.84,21.84,102.14,156.6,154.3,1.5,1680,4.106,13:00:18,01/09/0025,-0.51,1,0,0,-9999,-2.408,-4.281,-9999,1,150,0.005,2,0.058905,0,0.02923,0,0,-6.8e-05,standard,0,mpf,7000,500,5,2,300,300,300,290.620209,25,-12.0753,288.50592,290.441071,-1.93515,2.486829,2.437315,1.648039,0.925549,0.32937,0.018853,0.189111,1.449801,199.717636,0.00101,2.433934,-6.6e-05,1,2.383437,-5.3e-05,1,0.60157,0.600478,0.107326,0,PSF-00238_20250109130354_161,PFA-00249,PSA-00261,PSF-00238,RHS-00257,3.0.0,2021-01-19T12:57:14.097Z,0.0990257189463058,20.1989634063555,20.1079268127111,0.0071230920933301,1
18,13:04:11,01/09/0025,Auto gsw+F,LI-COR Default,NaN,18,NaN,NaN,0.175175,2.919196,0.165258,2.600208,0.781846,0.707397,2.364161,1.582315,6.925876,7.654779,23.146677,0.441786,7.5,PSF-00238_20250109130411_865,0,0,0,90.159058,237.268692,0.620013,0.5,0.8,375.827148,1,32.75,29.63,20.28,20.12,20.12,102.14,156.4,157.4,-0.6,1515,4.106,13:00:18,01/09/0025,-0.51,1,0,0,-9999,0.56,1.228,-9999,1,150,0.005,2,0.058905,0,0.02923,0,0,-6.8e-05,standard,0,mpf,7000,500,5,2,300,300,300,196.001892,25,-31.305058,187.235718,192.424423,-5.188705,2.487237,2.438612,1.646004,0.933208,0.329494,-0.000641,0.190903,1.31793,90.159058,0.001029,2.433934,-6.6e-05,1,2.383437,-5.3e-05,1,0.60157,0.600478,0.107326,0,PSF-00238_20250109130411_865,PFA-00249,PSA-00261,PSF-00238,RHS-00257,3.0.0,2021-01-19T12:57:14.097Z,0.146602086938833,20.1663547938075,20.0527095876151,0.00723989204193877,1
19,13:04:24,01/09/0025,Auto gsw+F,LI-COR Default,NaN,19,NaN,NaN,0.169094,2.919528,0.159837,2.62738,0.80129,0.726099,2.453429,1.652139,7.109193,7.845378,24.021372,0.441786,7.5,PSF-00238_20250109130424_dd1,0,0,0,99.784973,262.806061,0.620309,0.5,0.8,381.665466,1,33.57,30.42,20.27,20.72,20.72,102.14,156.4,157.3,-0.6,1538,4.106,13:00:18,01/09/0025,-0.51,1,0.001,0,-9999,0.995,2.134,-9999,1,150,0.005,2,0.058905,0,0.02923,0,0,-6.8e-05,standard,0,mpf,7000,500,5,2,300,300,300,227.931259,25,-28.730324,218.918686,221.65007,-2.731384,2.488521,2.439812,1.64635,0.933099,0.329532,0.006202,0.192313,1.336149,99.784973,0.001024,2.433934,-6.6e-05,1,2.383437,-5.3e-05,1,0.60157,0.600478,0.107326,0,PSF-00238_20250109130424_dd1,PFA-00249,PSA-00261,PSF-00238,RHS-00257,3.0.0,2021-01-19T12:57:14.097Z,0.141011367244925,20.1556953004424,20.0413906008848,0.00742185573048412,1
20,13:04:30,01/09/0025,Auto gsw+F,LI-COR Default,NaN,20,NaN,NaN,0.130544,2.921419,0.12496,1.948655,0.767394,0.711694,2.335882,1.568488,6.968302,7.513677,22.870985,0.441786,7.5,PSF-00238_20250109130430_0a0,0,0,0,108.39093,298.115234,0.636413,0.5,0.8,405.130432,1,32.15,29.82,20.28,19.93,19.93,102.13,156.7,156.4,0.1,1591,4.106,13:00:18,01/09/0025,-0.51,1,-0.002,-0.001,-9999,0.166,0.436,-9999,1,150,0.005,2,0.058905,0,0.02923,0,0,-6.8e-05,standard,0,mpf,7000,500,5,2,300,300,300,267.188416,25,-25.030619,261.468536,262.259064,-0.790527,2.487539,2.437732,1.648324,0.930793,0.329529,-0.002807,0.193014,1.378693,108.39093,0.001032,2.433934,-6.6e-05,1,2.383437,-5.3e-05,1,0.60157,0.600478,0.107326,0,PSF-00238_20250109130430_0a0,PFA-00249,PSA-00261,PSF-00238,RHS-00257,3.0.0,2021-01-19T12:57:14.097Z,0.110292508894608,20.1949608539378,20.1099217078756,0.00720574687529962,1
21,13:04:40,01/09/0025,Auto gsw+F,LI-COR Default,NaN,21,NaN,NaN,0.114004,2.922801,0.109724,2.040295,0.76459,0.706329,2.632256,1.867666,6.915382,7.485797,25.771376,0.441786,7.5,PSF-00238_20250109130440_960,0,0,0,154.658676,244.801926,0.368229,0.5,0.8,267.97998,1,32.03,29.59,20.28,21.87,21.87,102.14,156.8,157.4,-0.3,1819,4.105,13:00:18,01/09/0025,-0.51,1,0,0.001,-9999,-3.037,-4.291,-9999,1,150,0.005,2,0.058905,0,0.02923,0,0,-6.8e-05,standard,0,mpf,7000,500,5,2,300,300,300,226.943848,25,-12.966206,223.7556,226.227936,-2.472336,2.487168,2.437555,1.649773,0.933123,0.329511,0.019329,0.194065,1.560771,154.658676,0.000991,2.433934,-6.6e-05,1,2.383437,-5.3e-05,1,0.60157,0.600478,0.107326,0,PSF-00238_20250109130440_960,PFA-00249,PSA-00261,PSF-00238,RHS-00257,3.0.0,2021-01-19T12:57:14.097Z,0.0969372415178949,20.1909250850217,20.1018501700435,0.00716256046208794,1
22,13:04:48,01/09/0025,Auto gsw+F,LI-COR Default,NaN,22,NaN,NaN,0.095391,2.92017,0.092374,1.484778,0.757007,0.714517,2.373607,1.6166,6.995466,7.411469,23.23876,0.441786,7.5,PSF-00238_20250109130448_f93,0,0,0,93.658806,230.607941,0.593861,0.5,0.8,252.373215,1,31.71,29.93,20.28,20.18,20.18,102.14,156.5,157.6,-0.7,1062,4.105,13:00:18,01/09/0025,-0.51,1,-0.001,0.002,-9999,1.114,2.455,-9999,1,150,0.005,2,0.058905,0,0.02923,0,0,-6.8e-05,standard,0,mpf,7000,500,5,2,300,300,300,198.291428,25,-24.119755,192.04187,196.056564,-4.014694,2.487722,2.437082,1.647019,0.933661,0.329489,8.3e-05,0.194807,0.956063,93.658806,0.001015,2.433934,-6.6e-05,1,2.383437,-5.3e-05,1,0.60157,0.600478,0.107326,0,PSF-00238_20250109130448_f93,PFA-00249,PSA-00261,PSF-00238,RHS-00257,3.0.0,2021-01-19T12:57:14.097Z,0.0814850531879311,20.2149069393897,20.1498138787793,0.00717551705320725,1
23,13:05:06,01/09/0025,Auto gsw+F,LI-COR Default,NaN,23,NaN,NaN,0.173678,2.921354,0.163932,2.696929,0.768762,0.691664,2.422844,1.654083,6.771796,7.526622,23.72105,0.441786,7.5,PSF-00238_20250109130506_4ee,0,0,0,91.115715,203.041092,0.551245,0.5,0.8,325.330475,1,32.2,28.97,20.28,20.52,20.52,102.14,156.7,154.5,1.4,1475,4.078,13:00:18,01/09/0025,-0.51,1,0.002,0.002,0.01,0.79,1.702,1.193,1,150,0.005,2,0.058905,0,0.02923,0,0,-6.8e-05,standard,0,mpf,7000,500,5,2,300,300,300,177.15239,25,-18.523928,174.300674,176.505692,-2.205017,2.486153,2.437801,1.648256,0.925885,0.329466,0.003832,0.196656,1.286003,91.115715,0.001003,2.433934,-6.6e-05,1,2.383437,-5.3e-05,1,0.60157,0.600478,0.107326,0,PSF-00238_20250109130506_4ee,PFA-00249,PSA-00261,PSF-00238,RHS-00257,3.0.0,2021-01-19T12:57:14.097Z,0.145790207543007,20.1621465692518,20.0442931385037,0.00709761057278011,1
24,13:05:16,01/09/0025,Auto gsw+F,LI-COR Default,NaN,24,NaN,NaN,0.179399,2.923393,0.169026,2.6876,0.756338,0.679621,2.3557,1.599361,6.653716,7.404809,23.063099,0.441786,7.5,PSF-00238_20250109130516_2f3,0,0,0,113.938812,286.096619,0.601747,0.5,0.8,233.777786,1,31.67,28.46,20.28,20.06,20.06,102.14,156.9,157.4,-0.3,971,4.084,13:00:18,01/09/0025,-0.51,1,0,0,-9999,1.009,1.589,-9999,1,150,0.005,2,0.058905,0,0.02923,0,0,-6.8e-05,standard,0,mpf,7000,500,5,2,300,300,300,255.0466,25,-21.964165,252.761368,254.633102,-1.871735,2.485315,2.437024,1.650395,0.933285,0.329419,-0.001361,0.197682,0.883223,113.938812,0.001004,2.433934,-6.6e-05,1,2.383437,-5.3e-05,1,0.60157,0.600478,0.107326,0,PSF-00238_20250109130516_2f3,PFA-00249,PSA-00261,PSF-00238,RHS-00257,3.0.0,2021-01-19T12:57:14.097Z,0.150569786056243,20.162666782657,20.045333565314,0.00697716291216392,1
25,13:05:25,01/09/0025,Auto gsw+F,LI-COR Default,NaN,25,NaN,NaN,0.128495,2.919375,0.123077,2.032337,0.752434,0.69423,2.413059,1.660625,6.796213,7.366013,23.622822,0.441786,7.5,PSF-00238_20250109130525_3e2,0,0,0,87.165001,217.755157,0.599711,0.5,0.8,340.020874,1,31.52,29.08,20.28,20.45,20.45,102.15,156.4,155.2,0.8,1417,4.103,13:00:18,01/09/0025,-0.51,1,0,-0.003,-9999,0.464,1.262,-9999,1,150,0.005,2,0.058905,0,0.02923,0,0,-6.8e-05,standard,0,mpf,7000,500,5,2,300,300,300,184.121124,25,-25.914267,176.735764,180.633148,-3.897385,2.48634,2.436805,1.646191,0.927682,0.329512,0.003127,0.198576,1.23967,87.165001,0.001033,2.433934,-6.6e-05,1,2.383437,-5.3e-05,1,0.60157,0.600478,0.107326,0,PSF-00238_20250109130525_3e2,PFA-00249,PSA-00261,PSF-00238,RHS-00257,3.0.0,2021-01-19T12:57:14.097Z,0.109219167937979,20.1906983942735,20.101396788547,0.00704320981516295,1
26,13:05:40,01/09/0025,Auto gsw+F,LI-COR Default,NaN,26,NaN,NaN,0.177205,2.923212,0.167077,2.831673,0.782466,0.701631,2.486196,1.70373,6.867994,7.659261,24.336418,0.441786,7.5,PSF-00238_20250109130540_14f,0,0,0,95.67189,219.862808,0.564856,0.5,0.8,399.733887,1,32.75,29.37,20.29,20.94,20.94,102.16,156.9,157.6,-0.4,1769,4.104,13:00:18,01/09/0025,-0.51,1,0,0.001,-9999,0.447,1.635,-9999,1,150,0.005,2,0.058905,0,0.02923,0,0,-6.8e-05,standard,0,mpf,7000,500,5,2,300,300,300,190.292709,25,-21.461555,184.934738,189.119278,-4.18454,2.486808,2.438615,1.650205,0.933684,0.329347,0.0085,0.200049,1.520669,95.67189,0.001007,2.433934,-6.6e-05,1,2.383437,-5.3e-05,1,0.60157,0.600478,0.107326,0,PSF-00238_20250109130540_14f,PFA-00249,PSA-00261,PSF-00238,RHS-00257,3.0.0,2021-01-19T12:57:14.097Z,0.14807092575241,20.1669296742533,20.0438593485066,0.00720856098859013,1
27,13:05:50,01/09/0025,Auto gsw+F,LI-COR Default,NaN,27,NaN,NaN,0.03761,2.920718,0.037131,0.537842,0.720632,0.705239,2.179431,1.458799,6.903123,7.053803,21.33304,0.441786,7.5,PSF-00238_20250109130550_1dc,0,0,0,91.138245,441.879333,0.793749,0.5,0.8,18.100229,1,30.16,29.52,20.29,18.81,18.81,102.16,156.6,158,-0.9,57,4.103,13:00:18,01/09/0025,-0.51,1,-0.002,-0.001,-9999,0.1,0.238,-9999,1,150,0.005,2,0.058905,0,0.02923,0,0,-6.8e-05,standard,0,mpf,7000,500,5,2,300,300,300,427.553772,25,-9.961443,437.354919,427.60965,9.74527,2.487051,2.434791,1.647591,0.934662,0.329333,-0.015466,0.200951,0.152868,91.138245,0.001028,2.433934,-6.6e-05,1,2.383437,-5.3e-05,1,0.60157,0.600478,0.107326,0,PSF-00238_20250109130550_1dc,PFA-00249,PSA-00261,PSF-00238,RHS-00257,3.0.0,2021-01-19T12:57:14.097Z,0.03245999590234,20.2664451273132,20.2428902546264,0.00696815599348268,1
28,13:05:59,01/09/0025,Auto gsw+F,LI-COR Default,NaN,28,NaN,NaN,0.037,2.919921,0.036537,0.529473,0.705007,0.68984,2.164701,1.459695,6.752333,6.900785,21.188648,0.441786,7.5,PSF-00238_20250109130559_db5,0,0,0,100.416901,479.625458,0.790635,0.5,0.8,30.694132,1,29.53,28.89,20.28,18.7,18.7,102.16,156.5,150.6,3.7,97,4.103,13:00:18,01/09/0025,-0.51,1,0.001,0.001,-9999,0.512,0.831,-9999,1,150,0.005,2,0.058905,0,0.02923,0,0,-6.8e-05,standard,0,mpf,7000,500,5,2,300,300,300,475.533478,25,-2.474938,484.952332,476.080139,8.872192,2.486027,2.433845,1.646759,0.916277,0.329461,-0.016565,0.201784,0.18486,100.416901,0.001035,2.433934,-6.6e-05,1,2.383437,-5.3e-05,1,0.60157,0.600478,0.107326,0,PSF-00238_20250109130559_db5,PFA-00249,PSA-00261,PSF-00238,RHS-00257,3.0.0,2021-01-19T12:57:14.097Z,0.0324995499089248,20.2563954480943,20.2327908961887,0.00681680495947247,1
29,13:06:09,01/09/0025,Auto gsw+F,LI-COR Default,NaN,29,NaN,NaN,0.17155,2.924288,0.162044,2.563275,0.77234,0.699216,2.363661,1.591321,6.843816,7.559544,23.135149,0.441786,7.5,PSF-00238_20250109130609_306,0,0,0,85.876823,219.952652,0.609567,0.5,0.8,410.603943,1,32.36,29.29,20.28,20.12,20.12,102.17,157,157.1,0,1684,4.102,13:00:18,01/09/0025,-0.51,1,0.003,0.002,-9999,0.442,1.367,-9999,1,150,0.005,2,0.058905,0,0.02923,0,0,-6.8e-05,standard,0,mpf,7000,500,5,2,300,300,300,185.091736,25,-25.313677,179.541351,183.690994,-4.149643,2.486683,2.438034,1.651337,0.932416,0.32952,-0.000658,0.202765,1.452618,85.876823,0.001039,2.433934,-6.6e-05,1,2.383437,-5.3e-05,1,0.60157,0.600478,0.107326,0,PSF-00238_20250109130609_306,PFA-00249,PSA-00261,PSF-00238,RHS-00257,3.0.0,2021-01-19T12:57:14.097Z,0.144203061109431,20.1681348086094,20.0562696172187,0.00715385397628743,1
30,13:06:24,01/09/0025,Auto gsw+F,LI-COR Default,NaN,30,NaN,NaN,0.03948,2.922956,0.038954,0.53867,0.730485,0.715097,2.123507,1.393022,6.999531,7.150162,20.785381,0.441786,7.5,PSF-00238_20250109130624_7c6,0,0,0,107.32663,469.591644,0.771447,0.5,0.8,45.583744,1,30.6,29.95,20.28,18.4,18.4,102.16,156.9,158,-0.7,148,4.102,13:00:18,01/09/0025,-0.51,1,-0.003,-0.003,0.008,0.261,0.511,1.552,1,150,0.005,2,0.058905,0,0.02923,0,0,-6.8e-05,standard,0,mpf,7000,500,5,2,300,300,300,456.457977,25,-9.086867,464.962372,456.574768,8.387604,2.487756,2.435434,1.649935,0.934636,0.329466,-0.01997,0.204231,0.225336,107.32663,0.00106,2.433934,-6.6e-05,1,2.383437,-5.3e-05,1,0.60157,0.600478,0.107326,0,PSF-00238_20250109130624_7c6,PFA-00249,PSA-00261,PSF-00238,RHS-00257,3.0.0,2021-01-19T12:57:14.097Z,0.0345056317719918,20.2561434914926,20.2322869829852,0.00706523644147093,1
31,13:06:38,01/09/0025,Auto gsw+F,LI-COR Default,NaN,31,NaN,NaN,0.034086,2.920575,0.033692,0.49735,0.694772,0.680531,2.181616,1.486845,6.661246,6.800634,21.354322,0.441786,7.5,PSF-00238_20250109130638_4e5,0,0,0,97.633835,489.274261,0.800452,0.5,0.8,27.946823,1,29.1,28.5,20.28,18.83,18.83,102.16,156.6,154.8,1.1,87,4.101,13:00:18,01/09/0025,-0.51,1,0,0.002,-9999,0.171,0.468,-9999,1,150,0.005,2,0.058905,0,0.02923,0,0,-6.8e-05,standard,0,mpf,7000,500,5,2,300,300,300,489.274261,25,4.870039,501.113525,496.250549,4.862976,2.485384,2.433201,1.647442,0.926734,0.329448,-0.015189,0.205569,0.177055,97.633835,0.00104,2.433934,-6.6e-05,1,2.383437,-5.3e-05,1,0.60157,0.600478,0.107326,0,PSF-00238_20250109130638_4e5,PFA-00249,PSA-00261,PSF-00238,RHS-00257,3.0.0,2021-01-19T12:57:14.097Z,0.0299609944449945,20.2578359780474,20.2356719560948,0.00672172072364789,1
32,13:06:50,01/09/0025,Auto gsw+F,LI-COR Default,NaN,32,NaN,NaN,0.130496,2.921501,0.124916,1.808743,0.749302,0.697578,2.207229,1.457927,6.827884,7.334161,21.604338,0.441786,7.5,PSF-00238_20250109130650_0c1,0,0,0,101.936462,279.820099,0.635707,0.5,0.8,73.046631,1,31.37,29.2,20.29,19.01,19.01,102.17,156.7,157.9,-0.8,287,4.101,13:00:18,01/09/0025,-0.51,1,-0.004,-0.002,0.01,0.335,0.771,2.32,1,150,0.005,2,0.058905,0,0.02923,0,0,-6.8e-05,standard,0,mpf,7000,500,5,2,300,300,300,245.241882,25,-26.404173,237.509247,241.996307,-4.487061,2.486532,2.436574,1.648411,0.93442,0.329353,-0.013185,0.206746,0.336813,101.936462,0.001046,2.433934,-6.6e-05,1,2.383437,-5.3e-05,1,0.60157,0.600478,0.107326,0,PSF-00238_20250109130650_0c1,PFA-00249,PSA-00261,PSF-00238,RHS-00257,3.0.0,2021-01-19T12:57:14.097Z,0.111059395962185,20.2105380684278,20.1310761368556,0.00704698423619506,1
33,13:07:03,01/09/0025,Auto gsw+F,LI-COR Default,NaN,33,NaN,NaN,0.186828,2.919625,0.175592,2.64213,0.74826,0.672593,2.262846,1.514586,6.583563,7.324214,22.149483,0.441786,7.5,PSF-00238_20250109130703_e2e,0,0,0,90.470909,248.009781,0.635212,0.5,0.8,383.733826,1,31.33,28.16,20.29,19.41,19.41,102.16,156.4,154.9,1,1510,4.102,13:00:18,01/09/0025,-0.51,1,-0.002,-0.001,0.012,0.388,0.78,2.378,1,150,0.005,2,0.058905,0,0.02923,0,0,-6.8e-05,standard,0,mpf,7000,500,5,2,300,300,300,211.671707,25,-25.810841,206.671356,211.035934,-4.364578,2.484823,2.436517,1.646451,0.927019,0.329385,-0.008686,0.207859,1.313822,90.470909,0.001034,2.433934,-6.6e-05,1,2.383437,-5.3e-05,1,0.60157,0.600478,0.107326,0,PSF-00238_20250109130703_e2e,PFA-00249,PSA-00261,PSF-00238,RHS-00257,3.0.0,2021-01-19T12:57:14.097Z,0.157038755522467,20.1738388226347,20.0576776452694,0.00690631957656811,1
34,13:07:11,01/09/0025,Auto gsw+F,LI-COR Default,NaN,34,NaN,NaN,0.109589,2.925316,0.105632,2.008657,0.755024,0.69776,2.665254,1.91023,6.829688,7.390191,26.087549,0.441786,7.5,PSF-00238_20250109130711_3e5,0,0,0,136.708252,221.477127,0.382743,0.5,0.8,285.474762,1,31.59,29.2,20.29,22.07,22.07,102.17,157.2,157.4,-0.2,1865,4.101,13:00:18,01/09/0025,-0.51,1,0.001,0.003,-9999,-2.572,-4.827,-9999,1,150,0.005,2,0.058905,0,0.02923,0,0,-6.8e-05,standard,0,mpf,7000,500,5,2,300,300,300,204.94545,25,-11.623497,202.764267,204.826553,-2.062286,2.486526,2.43691,1.652422,0.933324,0.329276,0.021484,0.208551,1.596944,136.708252,0.001,2.433934,-6.6e-05,1,2.383437,-5.3e-05,1,0.60157,0.600478,0.107326,0,PSF-00238_20250109130711_3e5,PFA-00249,PSA-00261,PSF-00238,RHS-00257,3.0.0,2021-01-19T12:57:14.097Z,0.0932800889194455,20.2026249281991,20.1152498563982,0.00706912060327657,1
35,13:07:25,01/09/0025,Auto gsw+F,LI-COR Default,NaN,35,NaN,NaN,0.111954,2.91965,0.107819,1.778601,0.727637,0.676689,2.387305,1.659668,6.623363,7.122039,23.366697,0.441786,7.5,PSF-00238_20250109130725_cc5,0,0,0,86.455826,224.551514,0.614984,0.5,0.8,327.96344,1,30.41,28.28,20.32,20.28,20.28,102.17,156.4,157.7,-0.8,1333,4.1,13:00:18,01/09/0025,-0.51,1,-0.001,-0.002,0.013,0.154,0.666,2.311,1,150,0.005,2,0.058905,0,0.02923,0,0,-6.8e-05,standard,0,mpf,7000,500,5,2,300,300,300,191.162109,25,-24.696756,184.372192,189.173584,-4.801392,2.485014,2.43515,1.646477,0.934092,0.328989,0.000706,0.210017,1.172391,86.455826,0.001032,2.433934,-6.6e-05,1,2.383437,-5.3e-05,1,0.60157,0.600478,0.107326,0,PSF-00238_20250109130725_cc5,PFA-00249,PSA-00261,PSF-00238,RHS-00257,3.0.0,2021-01-19T12:57:14.097Z,0.0958526811704648,20.2415359073874,20.1630718147747,0.0068413537354506,1
36,13:07:35,01/09/0025,Auto gsw+F,LI-COR Default,NaN,36,NaN,NaN,0.1767,2.92223,0.166625,2.727079,0.755373,0.677439,2.401588,1.646216,6.630999,7.393836,23.507534,0.441786,7.5,PSF-00238_20250109130735_b6c,0,0,0,91.249466,226.250229,0.596688,0.5,0.8,396.682922,1,31.54,28.28,20.33,20.37,20.37,102.16,156.8,155.6,0.8,1662,4.099,13:00:18,01/09/0025,-0.51,1,0,0.001,-9999,0.184,0.617,-9999,1,150,0.005,2,0.058905,0,0.02923,0,0,-6.8e-05,standard,0,mpf,7000,500,5,2,300,300,300,194.298508,25,-23.234293,188.761002,192.96727,-4.206268,2.485018,2.436818,1.649174,0.928601,0.328784,0.001623,0.210902,1.43506,91.249466,0.001028,2.433934,-6.6e-05,1,2.383437,-5.3e-05,1,0.60157,0.600478,0.107326,0,PSF-00238_20250109130735_b6c,PFA-00249,PSA-00261,PSF-00238,RHS-00257,3.0.0,2021-01-19T12:57:14.097Z,0.148965842881813,20.2104441913972,20.0908883827943,0.00696036674679213,1
37,13:09:20,01/09/0025,Auto gsw+F,LI-COR Default,NaN,37,NaN,NaN,0.023592,2.920369,0.023403,0.347193,0.677159,0.667216,2.171451,1.494292,6.531825,6.629162,21.257782,0.441786,7.5,PSF-00238_20250109130920_55c,0,0,0,110.85463,426.01416,0.739787,0.5,0.8,31.931473,1,27.92,27.51,20.53,18.75,18.75,102.15,156.5,157.6,-0.7,108,4.098,13:00:18,01/09/0025,-0.51,1,0.001,0.003,-9999,0.066,0.513,-9999,1,150,0.005,2,0.058905,0,0.02923,0,0,-6.8e-05,standard,0,mpf,7000,500,5,2,300,300,300,390.218842,25,-26.589249,378.628479,387.925262,-9.296783,2.483712,2.431394,1.647227,0.933768,0.326133,-0.018884,0.220268,0.19353,110.85463,0.00101,2.433934,-6.6e-05,1,2.383437,-5.3e-05,1,0.60157,0.600478,0.107326,0,PSF-00238_20250109130920_55c,PFA-00249,PSA-00261,PSF-00238,RHS-00257,3.0.0,2021-01-19T12:57:14.097Z,0.0207228665369572,20.5145608028076,20.4991216056153,0.00657248065908451,1
38,13:09:39,01/09/0025,Auto gsw+F,LI-COR Default,NaN,38,NaN,NaN,0.174553,2.922428,0.164715,3.073465,0.754591,0.666786,2.628989,1.874398,6.527808,7.387409,25.737688,0.441786,7.5,PSF-00238_20250109130939_9e0,0,0,0,117.247223,199.046051,0.410954,0.5,0.8,305.290253,1,31.07,27.45,20.56,21.85,21.85,102.15,156.8,157.7,-0.6,1857,4.097,13:00:18,01/09/0025,-0.51,1,0,0.001,-9999,-0.081,0.542,-9999,1,150,0.005,2,0.058905,0,0.02923,0,0,-6.8e-05,standard,0,mpf,7000,500,5,2,300,300,300,178.074005,25,-15.168973,173.987396,177.316605,-3.329208,2.483613,2.436088,1.649382,0.934079,0.325827,0.015887,0.222143,1.590985,117.247223,0.000983,2.433934,-6.6e-05,1,2.383437,-5.3e-05,1,0.60157,0.600478,0.107326,0,PSF-00238_20250109130939_9e0,PFA-00249,PSA-00261,PSF-00238,RHS-00257,3.0.0,2021-01-19T12:57:14.097Z,0.147313350940104,20.4252500244486,20.2905000488972,0.00690073685600909,1
39,13:09:46,01/09/0025,Auto gsw+F,LI-COR Default,NaN,39,NaN,NaN,0.105583,2.920965,0.1019,2.119206,0.751052,0.690442,2.83788,2.086828,6.759945,7.353362,27.784967,0.441786,7.5,PSF-00238_20250109130946_4fc,0,0,0,91.929314,138.538116,0.336433,0.5,0.8,260.247559,1,30.89,28.4,20.57,23.11,23.11,102.14,156.6,157.6,-0.7,1934,4.07,13:00:18,01/09/0025,-0.51,1,0.001,0.001,-9999,-0.095,0.009,-9999,1,150,0.005,2,0.058905,0,0.02923,0,0,-6.8e-05,standard,0,mpf,7000,500,5,2,300,300,300,124.06218,25,-10.453164,120.697975,123.564034,-2.866058,2.485164,2.435821,1.647849,0.933843,0.325601,0.030288,0.222849,1.652234,91.929314,0.000979,2.433934,-6.6e-05,1,2.383437,-5.3e-05,1,0.60157,0.600478,0.107326,0,PSF-00238_20250109130946_4fc,PFA-00249,PSA-00261,PSF-00238,RHS-00257,3.0.0,2021-01-19T12:57:14.097Z,0.0901482437008514,20.4771566765319,20.3843133530639,0.00701465433546677,1
40,13:09:53,01/09/0025,Auto gsw+F,LI-COR Default,NaN,40,NaN,NaN,0.139286,2.923097,0.132951,2.72455,0.781518,0.703739,2.837805,2.056287,6.889205,7.650614,27.780493,0.441786,7.5,PSF-00238_20250109130953_158,0,0,0,107.677101,171.28624,0.371362,0.5,0.8,283.56131,1,32.11,28.91,20.59,23.11,23.11,102.15,156.9,157.3,-0.3,1909,4.07,13:00:18,01/09/0025,-0.51,1,-0.002,-0.002,-9999,-0.539,-0.196,-9999,1,150,0.005,2,0.058905,0,0.02923,0,0,-6.8e-05,standard,0,mpf,7000,500,5,2,300,300,300,151.764755,25,-14.552959,146.140701,150.439224,-4.298523,2.486004,2.437612,1.650085,0.933024,0.325365,0.030075,0.223527,1.632308,107.677101,0.000978,2.433934,-6.6e-05,1,2.383437,-5.3e-05,1,0.60157,0.600478,0.107326,0,PSF-00238_20250109130953_158,PFA-00249,PSA-00261,PSF-00238,RHS-00257,3.0.0,2021-01-19T12:57:14.097Z,0.117818959211031,20.4711974144116,20.3523948288231,0.00721597173632082,1
41,13:10:02,01/09/0025,Auto gsw+F,LI-COR Default,NaN,41,NaN,NaN,0.101439,2.921464,0.098035,1.54589,0.737252,0.693045,2.323891,1.586639,6.784617,7.217383,22.749899,0.441786,7.5,PSF-00238_20250109131002_ea0,0,0,0,86.692215,221.749023,0.609053,0.5,0.8,382.224792,1,30.26,28.44,20.61,19.84,19.84,102.15,156.7,157.9,-0.8,1569,4.097,13:00:18,01/09/0025,-0.51,1,-0.003,-0.003,0.007,0.475,1.148,2.394,1,150,0.005,2,0.058905,0,0.02923,0,0,-6.8e-05,standard,0,mpf,7000,500,5,2,300,300,300,190.706497,25,-22.486732,184.57103,189.536942,-4.965912,2.485231,2.434875,1.648372,0.934511,0.325137,-0.007551,0.224454,1.360695,86.692215,0.001012,2.433934,-6.6e-05,1,2.383437,-5.3e-05,1,0.60157,0.600478,0.107326,0,PSF-00238_20250109131002_ea0,PFA-00249,PSA-00261,PSF-00238,RHS-00257,3.0.0,2021-01-19T12:57:14.097Z,0.087167097346229,20.5418285002285,20.473657000457,0.00697192834085824,1
42,13:10:12,01/09/0025,Auto gsw+F,LI-COR Default,NaN,42,NaN,NaN,0.165973,2.921806,0.157052,3.233104,0.799746,0.70737,2.864962,2.065216,6.924647,7.82894,28.045929,0.441786,7.5,PSF-00238_20250109131012_549,0,0,0,91.198326,144.208755,0.367595,0.5,0.8,288.255585,1,32.79,29,20.63,23.26,23.26,102.15,156.7,157.7,-0.6,1960,4.097,13:00:18,01/09/0025,-0.51,1,0.001,0.003,-9999,0.281,0.295,-9999,1,150,0.005,2,0.058905,0,0.02923,0,0,-6.8e-05,standard,0,mpf,7000,500,5,2,300,300,300,127.73037,25,-11.73418,124.531029,127.399628,-2.868599,2.486141,2.438601,1.64873,0.933959,0.324913,0.03152,0.225493,1.673438,91.198326,0.000991,2.433934,-6.6e-05,1,2.383437,-5.3e-05,1,0.60157,0.600478,0.107326,0,PSF-00238_20250109131012_549,PFA-00249,PSA-00261,PSF-00238,RHS-00257,3.0.0,2021-01-19T12:57:14.097Z,0.139203696093186,20.4893182796503,20.3486365593006,0.00731520274581462,1
43,13:10:26,01/09/0025,Auto gsw+F,LI-COR Default,NaN,43,NaN,NaN,0.11051,2.918151,0.106478,1.956109,0.757479,0.701412,2.603006,1.845527,6.867268,7.416198,25.485065,0.441786,7.5,PSF-00238_20250109131026_8d6,0,0,0,162.804001,1.635432,-98.547989,0.5,0.8,-61798.30469,1,30.99,28.7,20.66,21.69,21.69,102.14,156.3,-29.3,118.7,1568,4.096,13:00:18,01/09/0025,-0.51,1,0.001,0.001,0,2.808,0.664,-9.834,1,150,0.005,2,0.058905,0,0.02923,0,0,-6.8e-05,standard,0,mpf,7000,500,5,2,300,300,300,1.635432,25,3.148843,244.36676,6.146128,238.220627,2.485645,2.435959,1.644918,0.550974,0.324505,0.012855,0.227007,1.359727,162.804001,0.000997,2.433934,-6.6e-05,1,2.383437,-5.3e-05,1,0.60157,0.600478,0.107326,0,PSF-00238_20250109131026_8d6,PFA-00249,PSA-00261,PSF-00238,RHS-00257,3.0.0,2021-01-19T12:57:14.097Z,0.094019955135215,20.5741764627809,20.4883529255619,0.00710436333550525,1
44,13:11:25,01/09/0025,Auto gsw+F,LI-COR Default,NaN,44,NaN,NaN,0.078093,2.920184,0.076059,1.124953,0.705562,0.673346,2.195143,1.48958,6.590965,6.906309,21.486877,0.441786,7.5,PSF-00238_20250109131125_10c,0,0,0,108.484985,450.461792,0.759169,0.5,0.8,31.907719,1,28.86,27.54,20.66,18.93,18.93,102.16,156.5,157.5,-0.6,105,4.094,13:10:52,01/09/0025,-0.44,1,-0.004,0,0.011,0.214,0.498,0.901,1,150,0.005,2,0.058905,0,0.02923,0,0,-6.8e-05,standard,0,mpf,7000,500,5,2,300,300,300,436.901794,25,-9.239284,439.409149,437.226593,2.182556,2.483743,2.432693,1.647034,0.933444,0.324444,-0.018421,0.232654,0.191267,108.484985,0.001028,2.433934,-6.6e-05,1,2.383437,-5.3e-05,1,0.60157,0.600478,0.107326,0,PSF-00238_20250109131125_10c,PFA-00249,PSA-00261,PSF-00238,RHS-00257,3.0.0,2021-01-19T12:57:14.097Z,0.0675993092911437,20.6101229468113,20.5602458936225,0.00672635876384793,1
45,13:11:54,01/09/0025,Auto gsw+F,LI-COR Default,NaN,45,NaN,NaN,0.112371,2.921039,0.108208,1.601208,0.717309,0.671499,2.207121,1.489812,6.574155,7.022646,21.608311,0.441786,7.5,PSF-00238_20250109131154_09b,0,0,0,100.761292,344.680298,0.707667,0.5,0.8,91.398178,1,29.36,27.48,20.65,19.01,19.01,102.14,156.6,149,4.9,323,4.094,13:10:52,01/09/0025,-0.44,1,0.003,0.002,-9999,-0.274,-0.161,-9999,1,150,0.005,2,0.058905,0,0.02923,0,0,-6.8e-05,standard,0,mpf,7000,500,5,2,300,300,300,304.113861,25,-30.038557,297.988068,301.650269,-3.662201,2.483642,2.433435,1.647927,0.912165,0.324548,-0.017357,0.235282,0.365269,100.761292,0.001035,2.433934,-6.6e-05,1,2.383437,-5.3e-05,1,0.60157,0.600478,0.107326,0,PSF-00238_20250109131154_09b,PFA-00249,PSA-00261,PSF-00238,RHS-00257,3.0.0,2021-01-19T12:57:14.097Z,0.0965730471541208,20.5791470399589,20.5082940799177,0.006767226989432,1
46,13:12:19,01/09/0025,Auto gsw+F,LI-COR Default,NaN,46,NaN,NaN,0.102557,2.920467,0.099078,1.592782,0.713064,0.667474,2.330606,1.617542,6.53489,6.981242,22.817755,0.441786,7.5,PSF-00238_20250109131219_1e7,0,0,0,86.603523,205.222824,0.578002,0.5,0.8,227.437103,1,29.27,27.4,20.61,19.89,19.89,102.14,156.5,157.4,-0.6,984,4.093,13:10:52,01/09/0025,-0.44,1,0.001,0.002,-9999,0.842,1.693,-9999,1,150,0.005,2,0.058905,0,0.02923,0,0,-6.8e-05,standard,0,mpf,7000,500,5,2,300,300,300,178.656219,25,-19.098207,174.535995,177.864777,-3.328781,2.483514,2.433315,1.647329,0.933326,0.325184,-0.006986,0.237261,0.893188,86.603523,0.001013,2.433934,-6.6e-05,1,2.383437,-5.3e-05,1,0.60157,0.600478,0.107326,0,PSF-00238_20250109131219_1e7,PFA-00249,PSA-00261,PSF-00238,RHS-00257,3.0.0,2021-01-19T12:57:14.097Z,0.0881213274993281,20.5396463429518,20.4692926859036,0.00673057393392698,1
47,13:12:28,01/09/0025,Auto gsw+F,LI-COR Default,NaN,47,NaN,NaN,0.139572,2.924087,0.133213,2.58853,0.742904,0.669043,2.69434,1.951436,6.549916,7.27302,26.377541,0.441786,7.5,PSF-00238_20250109131228_bba,0,0,0,106.343506,187.28212,0.432175,0.5,0.8,328.213928,1,30.48,27.45,20.61,22.25,22.25,102.15,157,156.8,0.1,1899,4.093,13:10:52,01/09/0025,-0.44,1,-0.001,0.001,-9999,-0.49,-0.322,-9999,1,150,0.005,2,0.058905,0,0.02923,0,0,-6.8e-05,standard,0,mpf,7000,500,5,2,300,300,300,169.182297,25,-12.551599,167.476059,169.302048,-1.825989,2.483593,2.435112,1.651125,0.931751,0.325064,0.019867,0.238171,1.62407,106.343506,0.000981,2.433934,-6.6e-05,1,2.383437,-5.3e-05,1,0.60157,0.600478,0.107326,0,PSF-00238_20250109131228_bba,PFA-00249,PSA-00261,PSF-00238,RHS-00257,3.0.0,2021-01-19T12:57:14.097Z,0.118695101625164,20.4966598894873,20.3833197789746,0.0068613314826691,1
48,13:12:38,01/09/0025,Auto gsw+F,LI-COR Default,NaN,48,NaN,NaN,0.116597,2.920834,0.112121,1.92818,0.726144,0.670975,2.45537,1.729226,6.568996,7.109111,24.038609,0.441786,7.5,PSF-00238_20250109131238_3f2,0,0,0,79.459549,186.585739,0.574139,0.5,0.8,330.05545,1,29.79,27.53,20.61,20.73,20.73,102.14,156.6,157.6,-0.6,1437,4.092,13:10:52,01/09/0025,-0.44,1,0,0.002,-9999,0.792,1.84,-9999,1,150,0.005,2,0.058905,0,0.02923,0,0,-6.8e-05,standard,0,mpf,7000,500,5,2,300,300,300,160.504105,25,-19.080063,155.854584,159.253677,-3.399094,2.483727,2.434093,1.647712,0.933765,0.325079,0.002478,0.23911,1.255438,79.459549,0.001028,2.433934,-6.6e-05,1,2.383437,-5.3e-05,1,0.60157,0.600478,0.107326,0,PSF-00238_20250109131238_3f2,PFA-00249,PSA-00261,PSF-00238,RHS-00257,3.0.0,2021-01-19T12:57:14.097Z,0.0996544488413038,20.5251664153443,20.4403328306885,0.00680169620854573,1
49,13:12:46,01/09/0025,Auto gsw+F,LI-COR Default,NaN,49,NaN,NaN,0.16181,2.922415,0.153321,2.856351,0.765718,0.684124,2.636984,1.871266,6.69753,7.496328,25.815899,0.441786,7.5,PSF-00238_20250109131246_136,0,0,0,95.532776,179.547623,0.467925,0.5,0.8,339.818665,1,31.39,28.05,20.63,21.9,21.9,102.15,156.8,155.1,1.1,1816,4.092,13:10:52,01/09/0025,-0.44,1,0.001,0.003,0.026,0.817,-0.193,-0.611,1,150,0.005,2,0.058905,0,0.02923,0,0,-6.8e-05,standard,0,mpf,7000,500,5,2,300,300,300,159.150482,25,-14.315265,156.51297,159.041107,-2.528137,2.484574,2.436458,1.649368,0.927378,0.324897,0.015643,0.23986,1.557719,95.532776,0.001027,2.433934,-6.6e-05,1,2.383437,-5.3e-05,1,0.60157,0.600478,0.107326,0,PSF-00238_20250109131246_136,PFA-00249,PSA-00261,PSF-00238,RHS-00257,3.0.0,2021-01-19T12:57:14.097Z,0.136203393763716,20.50534324466,20.3806864893199,0.00704395071790464,1
50,13:12:55,01/09/0025,Auto gsw+F,LI-COR Default,NaN,50,NaN,NaN,0.079495,2.921081,0.077389,1.651908,0.732574,0.685318,2.874546,2.141972,6.708873,7.17148,28.140163,0.441786,7.5,PSF-00238_20250109131255_bdd,0,0,0,91.285583,153.474213,0.405206,0.5,0.8,290.138733,1,30,28.07,20.64,23.32,23.32,102.15,156.6,157,-0.2,1790,4.092,13:10:52,01/09/0025,-0.44,1,-0.001,0.001,-9999,0.329,0.483,-9999,1,150,0.005,2,0.058905,0,0.02923,0,0,-6.8e-05,standard,0,mpf,7000,500,5,2,300,300,300,136.404999,25,-11.933772,134.034637,136.379166,-2.344528,2.484609,2.434401,1.647971,0.932258,0.3247,0.03198,0.240753,1.537355,91.285583,0.001018,2.433934,-6.6e-05,1,2.383437,-5.3e-05,1,0.60157,0.600478,0.107326,0,PSF-00238_20250109131255_bdd,PFA-00249,PSA-00261,PSF-00238,RHS-00257,3.0.0,2021-01-19T12:57:14.097Z,0.0683812716875826,20.567498699507,20.4949973990141,0.00690802794845301,1
1,14:02:20,01/09/0025,Auto gsw+F,LI-COR Default,NaN,1,NaN,NaN,0.17132,2.920051,0.161826,3.017815,0.811119,0.72484,2.682319,1.8712,7.100221,7.945372,26.274836,0.441786,7.5,PSF-00238_20250109140220_c33,0,0,0,100.822449,266.105103,0.621118,0.5,0.8,432.339935,1,31.43,28.09,21.54,22.18,22.18,102.09,156.5,157.3,-0.5,1740,4.096,14:02:07,01/09/0025,-0.44,1,0.002,0.003,0.022,0.366,0.512,-0.107,1,150,0.005,2,0.058905,0,0.02923,0,0,-6.8e-05,standard,0,mpf,7000,500,5,2,300,300,300,217.914459,25,-36.665005,205.923553,213.582748,-7.659195,2.484481,2.436345,1.646895,0.933027,0.313161,0.008318,0.173666,1.49749,100.822449,0.001016,2.433934,-6.6e-05,1,2.383437,-5.3e-05,1,0.60157,0.600478,0.107326,0,PSF-00238_20250109140220_c33,PFA-00249,PSA-00261,PSF-00238,RHS-00257,3.0.0,2021-01-19T12:57:14.097Z,0.142757722048018,21.4087524181727,21.2775048363453,0.00746061518930971,1
2,14:02:30,01/09/0025,Auto gsw+F,LI-COR Default,NaN,2,NaN,NaN,0.146142,2.917365,0.13917,2.270613,0.78201,0.716942,2.421341,1.639331,7.023391,7.660816,23.720213,0.441786,7.5,PSF-00238_20250109140230_507,0,0,0,94.653008,266.966705,0.64545,0.5,0.8,93.06369,1,30.28,27.76,21.56,20.51,20.51,102.08,156.2,157.7,-1,360,4.096,14:02:07,01/09/0025,-0.44,1,0,0.003,-9999,0.897,2.151,-9999,1,150,0.005,2,0.058905,0,0.02923,0,0,-6.8e-05,standard,0,mpf,7000,500,5,2,300,300,300,238.802795,25,-19.824903,235.221512,238.567673,-3.346161,2.483942,2.434643,1.644102,0.934002,0.313004,-0.010902,0.175208,0.395286,94.653008,0.001046,2.433934,-6.6e-05,1,2.383437,-5.3e-05,1,0.60157,0.600478,0.107326,0,PSF-00238_20250109140230_507,PFA-00249,PSA-00261,PSF-00238,RHS-00257,3.0.0,2021-01-19T12:57:14.097Z,0.123128628690379,21.4603294002594,21.3606588005189,0.00729883666680972,1
3,14:02:44,01/09/0025,Auto gsw+F,LI-COR Default,NaN,3,NaN,NaN,0.137135,2.921141,0.130986,2.073178,0.785623,0.726389,2.376312,1.590689,7.115693,7.69594,23.278286,0.441786,7.5,PSF-00238_20250109140244_e2e,0,0,0,101.472618,308.233795,0.670793,0.5,0.8,311.101013,1,30.42,28.12,21.56,20.2,20.2,102.08,156.6,136.6,12.8,1159,4.092,14:02:07,01/09/0025,-0.44,1,0.001,0.003,0.013,0.201,0.338,0.767,1,150,0.005,2,0.058905,0,0.02923,0,0,-6.8e-05,standard,0,mpf,7000,500,5,2,300,300,300,267.193085,25,-29.563166,260.354523,265.884766,-5.530243,2.484536,2.434844,1.648034,0.881853,0.312977,-0.014361,0.177249,1.033574,101.472618,0.001031,2.433934,-6.6e-05,1,2.383437,-5.3e-05,1,0.60157,0.600478,0.107326,0,PSF-00238_20250109140244_e2e,PFA-00249,PSA-00261,PSF-00238,RHS-00257,3.0.0,2021-01-19T12:57:14.097Z,0.115981465342688,21.4691399562465,21.378279912493,0.00736568720709632,1
4,14:02:57,01/09/0025,Auto gsw+F,LI-COR Default,NaN,4,NaN,NaN,0.137624,2.918611,0.131427,2.580827,0.798433,0.724563,2.767861,1.969428,7.098341,7.822023,27.115955,0.441786,7.5,PSF-00238_20250109140257_8ef,0,0,0,98.049042,160.716904,0.389927,0.5,0.8,290.299561,1,30.91,28.05,21.56,22.69,22.69,102.07,156.3,157.1,-0.5,1861,4.094,14:02:07,01/09/0025,-0.44,1,-0.001,0,0.008,-1.756,-3.536,-13.152,1,150,0.005,2,0.058905,0,0.02923,0,0,-6.8e-05,standard,0,mpf,7000,500,5,2,300,300,300,144.730209,25,-11.335904,142.206436,144.478302,-2.271866,2.484421,2.435579,1.645396,0.932585,0.312984,0.014128,0.179136,1.594212,98.049042,0.001007,2.433934,-6.6e-05,1,2.383437,-5.3e-05,1,0.60157,0.600478,0.107326,0,PSF-00238_20250109140257_8ef,PFA-00249,PSA-00261,PSF-00238,RHS-00257,3.0.0,2021-01-19T12:57:14.097Z,0.115986303539849,21.4471900322288,21.3343800644576,0.0074092934945993,1
5,14:03:02,01/09/0025,Auto gsw+F,LI-COR Default,NaN,5,NaN,NaN,0.133538,2.923441,0.127705,2.289968,0.798613,0.733311,2.598733,1.80012,7.183253,7.822927,25.456247,0.441786,7.5,PSF-00238_20250109140302_9fb,0,0,0,88.324783,175.162048,0.495754,0.5,0.8,350.38089,1,30.92,28.39,21.56,21.66,21.66,102.09,156.9,156.6,0.2,1767,4.094,14:02:07,01/09/0025,-0.44,1,0.001,-0.001,-9999,0.174,-0.257,-9999,1,150,0.005,2,0.058905,0,0.02923,0,0,-6.8e-05,standard,0,mpf,7000,500,5,2,300,300,300,158.580063,25,-11.434793,157.752869,158.781784,-1.028915,2.484982,2.435594,1.650446,0.931126,0.313004,0.00221,0.179858,1.518852,88.324783,0.000991,2.433934,-6.6e-05,1,2.383437,-5.3e-05,1,0.60157,0.600478,0.107326,0,PSF-00238_20250109140302_9fb,PFA-00249,PSA-00261,PSF-00238,RHS-00257,3.0.0,2021-01-19T12:57:14.097Z,0.112591691222338,21.460318552041,21.3606371040819,0.00745781033735711,1
6,14:03:17,01/09/0025,Auto gsw+F,LI-COR Default,NaN,6,NaN,NaN,0.143643,2.922467,0.136913,2.252298,0.781887,0.717602,2.434709,1.652822,7.02977,7.659511,23.85087,0.441786,7.5,PSF-00238_20250109140317_f66,0,0,0,94.448448,253.056198,0.626769,0.5,0.8,316.380524,1,30.3,27.81,21.54,20.6,20.6,102.08,156.8,157.3,-0.3,1262,4.093,14:02:07,01/09/0025,-0.44,1,0.001,0.004,-9999,0.375,0.685,-9999,1,150,0.005,2,0.058905,0,0.02923,0,0,-6.8e-05,standard,0,mpf,7000,500,5,2,300,300,300,221.79007,25,-22.189159,216.218231,221.270386,-5.052155,2.484025,2.434676,1.649423,0.932979,0.313176,-0.009734,0.181873,1.115457,94.448448,0.001013,2.433934,-6.6e-05,1,2.383437,-5.3e-05,1,0.60157,0.600478,0.107326,0,PSF-00238_20250109140317_f66,PFA-00249,PSA-00261,PSF-00238,RHS-00257,3.0.0,2021-01-19T12:57:14.097Z,0.120949843043313,21.4417234224423,21.3434468448847,0.00729931738545512,1
7,14:03:31,01/09/0025,Auto gsw+F,LI-COR Default,NaN,7,NaN,NaN,0.170987,2.921116,0.161532,3.217779,0.807971,0.716044,2.805731,1.99776,7.013573,7.913995,27.481842,0.441786,7.5,PSF-00238_20250109140331_d74,0,0,0,100.35968,159.633682,0.371313,0.5,0.8,283.687439,1,31.31,27.75,21.54,22.92,22.92,102.09,156.6,157.1,-0.3,1910,4.093,14:02:07,01/09/0025,-0.44,1,0.002,0.001,0.002,-1.14,-3.284,-12.073,1,150,0.005,2,0.058905,0,0.02923,0,0,-6.8e-05,standard,0,mpf,7000,500,5,2,300,300,300,145.680786,25,-9.768202,144.180893,145.640808,-1.459915,2.483922,2.436166,1.648008,0.932531,0.313162,0.016895,0.183722,1.633187,100.35968,0.000994,2.433934,-6.6e-05,1,2.383437,-5.3e-05,1,0.60157,0.600478,0.107326,0,PSF-00238_20250109140331_d74,PFA-00249,PSA-00261,PSF-00238,RHS-00257,3.0.0,2021-01-19T12:57:14.097Z,0.142727259724935,21.4000578113867,21.2601156227734,0.00739901358765166,1
8,14:03:39,01/09/0025,Auto gsw+F,LI-COR Default,NaN,8,NaN,NaN,0.127216,2.920988,0.121907,2.23627,0.768333,0.704421,2.609978,1.841645,6.900422,7.526498,25.567032,0.441786,7.5,PSF-00238_20250109140339_234,0,0,0,115.19265,231.332932,0.502048,0.5,0.8,278.955078,1,29.77,27.29,21.55,21.73,21.73,102.08,156.6,154.1,1.6,1389,4.092,14:02:07,01/09/0025,-0.44,1,0.001,0.003,-9999,-0.37,0.604,-9999,1,150,0.005,2,0.058905,0,0.02923,0,0,-6.8e-05,standard,0,mpf,7000,500,5,2,300,300,300,208.237045,25,-16.165117,205.387833,208.176514,-2.788681,2.483176,2.433889,1.647874,0.924837,0.313142,0.003146,0.184791,1.217021,115.19265,0.00098,2.433934,-6.6e-05,1,2.383437,-5.3e-05,1,0.60157,0.600478,0.107326,0,PSF-00238_20250109140339_234,PFA-00249,PSA-00261,PSF-00238,RHS-00257,3.0.0,2021-01-19T12:57:14.097Z,0.108135687834238,21.4518138899622,21.3536277799243,0.00717185545050642,1
9,14:03:57,01/09/0025,Auto gsw+F,LI-COR Default,NaN,9,NaN,NaN,0.145678,2.92257,0.138761,2.825397,0.792698,0.712054,2.834738,2.04204,6.973897,7.763729,27.763578,0.441786,7.5,PSF-00238_20250109140357_f54,0,0,0,171.07486,254.498535,0.327796,0.5,0.8,253.618408,1,30.71,27.58,21.55,23.09,23.09,102.1,156.8,157.2,-0.3,1934,4.091,14:02:07,01/09/0025,-0.44,1,0.001,0.002,0.002,-2.257,-4.495,-10.389,1,150,0.005,2,0.058905,0,0.02923,0,0,-6.8e-05,standard,0,mpf,7000,500,5,2,300,300,300,237.862579,25,-11.716036,236.089828,237.715393,-1.625565,2.483654,2.435279,1.649531,0.93277,0.313103,0.018819,0.187074,1.65255,171.07486,0.000978,2.433934,-6.6e-05,1,2.383437,-5.3e-05,1,0.60157,0.600478,0.107326,0,PSF-00238_20250109140357_f54,PFA-00249,PSA-00261,PSF-00238,RHS-00257,3.0.0,2021-01-19T12:57:14.097Z,0.122985533804151,21.4266296038466,21.3032592076932,0.00731372860200754,1
10,14:04:46,01/09/0025,Auto gsw+F,LI-COR Default,NaN,10,NaN,NaN,0.173894,2.922754,0.164129,2.724265,0.773586,0.695826,2.441619,1.668033,6.815026,7.57662,23.913584,0.441786,7.5,PSF-00238_20250109140446_6de,0,0,0,83.716034,201.134674,0.583781,0.5,0.8,319.665955,1,30.02,27,21.52,20.64,20.64,102.1,156.8,157.7,-0.5,1369,4.09,14:02:07,01/09/0025,-0.44,1,0.002,0,0.009,0.311,0.986,2.527,1,150,0.005,2,0.058905,0,0.02923,0,0,-6.8e-05,standard,0,mpf,7000,500,5,2,300,300,300,174.280289,25,-19.980947,170.286301,172.512115,-2.225815,2.482695,2.434259,1.649724,0.933939,0.313436,-0.008975,0.192879,1.200932,83.716034,0.001028,2.433934,-6.6e-05,1,2.383437,-5.3e-05,1,0.60157,0.600478,0.107326,0,PSF-00238_20250109140446_6de,PFA-00249,PSA-00261,PSF-00238,RHS-00257,3.0.0,2021-01-19T12:57:14.097Z,0.146084037396789,21.4008173816499,21.2816347632999,0.00714307594006284,1
11,14:04:56,01/09/0025,Auto gsw+F,LI-COR Default,NaN,11,NaN,NaN,0.189067,2.921467,0.177575,2.953193,0.78375,0.699378,2.454853,1.671103,6.849779,7.67613,24.043085,0.441786,7.5,PSF-00238_20250109140456_c56,0,0,0,91.769455,236.258286,0.611571,0.5,0.8,310.336304,1,30.43,27.15,21.51,20.73,20.73,102.1,156.7,157.5,-0.5,1269,4.09,14:02:07,01/09/0025,-0.44,1,0,0,0.024,0.436,0.963,3.291,1,150,0.005,2,0.058905,0,0.02923,0,0,-6.8e-05,standard,0,mpf,7000,500,5,2,300,300,300,200.636383,25,-26.743479,192.977066,197.948441,-4.971375,2.482948,2.43487,1.648376,0.933488,0.313549,-0.007877,0.19393,1.120771,91.769455,0.001025,2.433934,-6.6e-05,1,2.383437,-5.3e-05,1,0.60157,0.600478,0.107326,0,PSF-00238_20250109140456_c56,PFA-00249,PSA-00261,PSF-00238,RHS-00257,3.0.0,2021-01-19T12:57:14.097Z,0.158128128650844,21.3808325010873,21.2516650021745,0.00720440181234175,1
12,14:05:05,01/09/0025,Auto gsw+F,LI-COR Default,NaN,12,NaN,NaN,0.185471,2.921014,0.174398,2.974435,0.775423,0.690413,2.488843,1.71342,6.762539,7.595201,24.378014,0.441786,7.5,PSF-00238_20250109140505_12e,0,0,0,97.185013,1067.012451,0.908919,0.5,0.8,612.20929,1,30.09,26.79,21.52,20.95,20.95,102.09,156.6,157.3,-0.4,1684,4.084,14:02:07,01/09/0025,-0.44,1,0.002,0.002,0.018,1.617,4.146,6.489,1,150,0.005,2,0.058905,0,0.02923,0,0,-6.8e-05,standard,0,mpf,7000,500,5,2,300,300,300,196.762207,25,-583.878418,0.816107,230.610764,-229.794662,2.482352,2.434369,1.647902,0.932916,0.313455,-0.005423,0.194911,1.452535,97.185013,0.001027,2.433934,-6.6e-05,1,2.383437,-5.3e-05,1,0.60157,0.600478,0.107326,0,PSF-00238_20250109140505_12e,PFA-00249,PSA-00261,PSF-00238,RHS-00257,3.0.0,2021-01-19T12:57:14.097Z,0.155384316239455,21.3897551730371,21.2595103460742,0.00712140737948038,1
13,14:05:20,01/09/0025,Auto gsw+F,LI-COR Default,NaN,13,NaN,NaN,0.137587,2.921983,0.131399,2.380064,0.769062,0.701093,2.587742,1.818681,6.867756,7.533561,25.348961,0.441786,7.5,PSF-00238_20250109140520_9f7,0,0,0,154.317505,260.081421,0.406657,0.5,0.8,205.578644,1,29.83,27.19,21.53,21.59,21.59,102.08,156.7,157.4,-0.4,1264,4.089,14:02:07,01/09/0025,-0.44,1,-0.002,-0.001,0.001,-0.539,-2.458,-10.862,1,150,0.005,2,0.058905,0,0.02923,0,0,-6.8e-05,standard,0,mpf,7000,500,5,2,300,300,300,243.28244,25,-11.87208,241.466049,243.074753,-1.608704,2.483014,2.433981,1.648915,0.933166,0.31336,0.001742,0.196673,1.116961,154.317505,0.001003,2.433934,-6.6e-05,1,2.383437,-5.3e-05,1,0.60157,0.600478,0.107326,0,PSF-00238_20250109140520_9f7,PFA-00249,PSA-00261,PSF-00238,RHS-00257,3.0.0,2021-01-19T12:57:14.097Z,0.116638817161581,21.4256381854779,21.3212763709557,0.0071553470821545,1
14,14:05:32,01/09/0025,Auto gsw+F,LI-COR Default,NaN,14,NaN,NaN,0.154795,2.921146,0.147005,2.59471,0.766925,0.692787,2.539351,1.772425,6.787301,7.513646,24.878279,0.441786,7.5,PSF-00238_20250109140532_a61,0,0,0,148.911957,313.515625,0.525025,0.5,0.8,234.95369,1,29.73,26.86,21.54,21.28,21.28,102.07,156.6,137.5,12.2,1119,4.088,14:02:07,01/09/0025,-0.44,1,0.001,0,-9999,0.629,1.36,-9999,1,150,0.005,2,0.058905,0,0.02923,0,0,-6.8e-05,standard,0,mpf,7000,500,5,2,300,300,300,288.389313,25,-17.95237,284.776917,287.798981,-3.022064,2.482455,2.43383,1.648039,0.884121,0.313238,-0.001893,0.197992,1.001077,148.911957,0.001013,2.433934,-6.6e-05,1,2.383437,-5.3e-05,1,0.60157,0.600478,0.107326,0,PSF-00238_20250109140532_a61,PFA-00249,PSA-00261,PSF-00238,RHS-00257,3.0.0,2021-01-19T12:57:14.097Z,0.130462646205312,21.4264078911398,21.3128157822795,0.00710241767333109,1
15,14:05:44,01/09/0025,Auto gsw+F,LI-COR Default,NaN,15,NaN,NaN,0.151467,2.922865,0.144004,2.586927,0.776887,0.703045,2.581176,1.804289,6.884714,7.607827,25.276712,0.441786,7.5,PSF-00238_20250109140544_205,0,0,0,92.756508,236.790222,0.608276,0.5,0.8,383.241272,1,30.13,27.27,21.53,21.55,21.55,102.12,156.8,157.1,-0.1,1575,4.088,14:02:07,01/09/0025,-0.44,1,0.001,0.003,-9999,0.808,2.065,-9999,1,150,0.005,2,0.058905,0,0.02923,0,0,-6.8e-05,standard,0,mpf,7000,500,5,2,300,300,300,206.473236,25,-23.237923,203.740952,203.50206,0.238892,2.483135,2.434428,1.649841,0.932378,0.313344,0.001252,0.199304,1.365633,92.756508,0.001032,2.433934,-6.6e-05,1,2.383437,-5.3e-05,1,0.60157,0.600478,0.107326,0,PSF-00238_20250109140544_205,PFA-00249,PSA-00261,PSF-00238,RHS-00257,3.0.0,2021-01-19T12:57:14.097Z,0.127474204752046,21.4171405021842,21.3042810043684,0.00719646426003883,1
16,14:05:50,01/09/0025,Auto gsw+F,LI-COR Default,NaN,16,NaN,NaN,0.17268,2.920353,0.163039,2.750868,0.76805,0.68937,2.463649,1.695598,6.751184,7.521719,24.127161,0.441786,7.5,PSF-00238_20250109140550_809,0,0,0,95.156906,249.329849,0.618349,0.5,0.8,375.698761,1,29.8,26.74,21.53,20.79,20.79,102.11,156.5,156.7,-0.1,1519,4.088,14:02:07,01/09/0025,-0.44,1,0.004,0.004,-9999,0.932,1.749,-9999,1,150,0.005,2,0.058905,0,0.02923,0,0,-6.8e-05,standard,0,mpf,7000,500,5,2,300,300,300,219.478729,25,-22.317986,219.112518,217.359497,1.753021,2.482273,2.433932,1.647211,0.93152,0.313402,-0.007352,0.199948,1.320772,95.156906,0.001026,2.433934,-6.6e-05,1,2.383437,-5.3e-05,1,0.60157,0.600478,0.107326,0,PSF-00238_20250109140550_809,PFA-00249,PSA-00261,PSF-00238,RHS-00257,3.0.0,2021-01-19T12:57:14.097Z,0.145514797216941,21.4090142800422,21.2880285600843,0.0070858085886586,1
17,14:06:04,01/09/0025,Auto gsw+F,LI-COR Default,NaN,17,NaN,NaN,0.163391,2.920299,0.154734,2.802185,0.765713,0.685567,2.584403,1.81869,6.714581,7.499543,25.312153,0.441786,7.5,PSF-00238_20250109140604_4ae,0,0,0,92.74292,218.222504,0.575008,0.5,0.8,405.837341,1,29.75,26.64,21.5,21.57,21.57,102.1,156.5,157.7,-0.7,1764,4.087,14:02:07,01/09/0025,-0.44,1,0,0.001,0.024,0.552,1.203,2.413,1,150,0.005,2,0.058905,0,0.02923,0,0,-6.8e-05,standard,0,mpf,7000,500,5,2,300,300,300,191.888092,25,-19.260603,188.282486,190.631821,-2.349335,2.482106,2.433875,1.647153,0.933963,0.313739,0.001848,0.20133,1.516917,92.74292,0.001007,2.433934,-6.6e-05,1,2.383437,-5.3e-05,1,0.60157,0.600478,0.107326,0,PSF-00238_20250109140604_4ae,PFA-00249,PSA-00261,PSF-00238,RHS-00257,3.0.0,2021-01-19T12:57:14.097Z,0.137495879900338,21.3772063982802,21.2544127965605,0.00705394165725218,1
18,14:06:14,01/09/0025,Auto gsw+F,LI-COR Default,NaN,18,NaN,NaN,0.117753,2.920959,0.11319,2.051085,0.749215,0.690572,2.569344,1.820129,6.763448,7.337801,25.16411,0.441786,7.5,PSF-00238_20250109140614_cb3,0,0,0,157.448883,298.915253,0.473266,0.5,0.8,243.57515,1,29.11,26.83,21.5,21.47,21.47,102.1,156.6,157.4,-0.5,1287,4.082,14:02:07,01/09/0025,-0.44,1,0.001,0.002,-9999,-5.537,-4.97,-9999,1,150,0.005,2,0.058905,0,0.02923,0,0,-6.8e-05,standard,0,mpf,7000,500,5,2,300,300,300,273.940094,25,-18.761623,267.964478,272.039368,-4.07489,2.482423,2.432916,1.647843,0.93333,0.313722,0.000739,0.202456,1.135206,157.448883,0.001013,2.433934,-6.6e-05,1,2.383437,-5.3e-05,1,0.60157,0.600478,0.107326,0,PSF-00238_20250109140614_cb3,PFA-00249,PSA-00261,PSF-00238,RHS-00257,3.0.0,2021-01-19T12:57:14.097Z,0.100538030861865,21.4097467249306,21.3194934498612,0.00701161555214147,1
19,14:06:27,01/09/0025,Auto gsw+F,LI-COR Default,NaN,19,NaN,NaN,0.145463,2.919477,0.138559,2.737578,0.761745,0.68339,2.744473,1.982727,6.692928,7.46032,26.878595,0.441786,7.5,PSF-00238_20250109140627_90e,0,0,0,130.162231,213.412659,0.390091,0.5,0.8,291.181702,1,29.6,26.56,21.5,22.55,22.55,102.11,156.4,157,-0.4,1866,4.086,14:02:07,01/09/0025,-0.44,1,0.002,0.003,-9999,-3.172,-4.884,-9999,1,150,0.005,2,0.058905,0,0.02923,0,0,-6.8e-05,standard,0,mpf,7000,500,5,2,300,300,300,194.7341,25,-13.521434,191.596985,194.043304,-2.44632,2.481972,2.433651,1.646296,0.932322,0.313766,0.013226,0.203749,1.598102,130.162231,0.000973,2.433934,-6.6e-05,1,2.383437,-5.3e-05,1,0.60157,0.600478,0.107326,0,PSF-00238_20250109140627_90e,PFA-00249,PSA-00261,PSF-00238,RHS-00257,3.0.0,2021-01-19T12:57:14.097Z,0.123081138146977,21.3798860485248,21.2597720970495,0.0070256359917926,1
20,14:06:33,01/09/0025,Auto gsw+F,LI-COR Default,NaN,20,NaN,NaN,0.137246,2.921337,0.131088,2.674197,0.759584,0.683159,2.806055,2.046471,6.69109,7.439629,27.483467,0.441786,7.5,PSF-00238_20250109140633_3e2,0,0,0,102.961418,177.843582,0.421056,0.5,0.8,320.723328,1,29.52,26.55,21.5,22.92,22.92,102.1,156.7,156.9,-0.2,1904,4.087,14:02:07,01/09/0025,-0.44,1,0.002,0.002,-9999,-1.415,-2.075,-9999,1,150,0.005,2,0.058905,0,0.02923,0,0,-6.8e-05,standard,0,mpf,7000,500,5,2,300,300,300,159.786346,25,-12.70855,157.585495,159.638672,-2.053177,2.481949,2.433518,1.648239,0.932033,0.31373,0.01744,0.204382,1.628592,102.961418,0.000995,2.433934,-6.6e-05,1,2.383437,-5.3e-05,1,0.60157,0.600478,0.107326,0,PSF-00238_20250109140633_3e2,PFA-00249,PSA-00261,PSF-00238,RHS-00257,3.0.0,2021-01-19T12:57:14.097Z,0.11662909182675,21.3826557814076,21.2653115628151,0.00701625463825005,1
21,14:06:43,01/09/0025,Auto gsw+F,LI-COR Default,NaN,21,NaN,NaN,0.149777,2.921027,0.142472,3.049521,0.777319,0.690153,2.923291,2.145972,6.759002,7.612659,28.629194,0.441786,7.5,PSF-00238_20250109140643_e9d,0,0,0,91.967583,140.986603,0.347686,0.5,0.8,261.725281,1,30.19,26.8,21.51,23.6,23.6,102.11,156.6,157.6,-0.6,1882,4.087,14:02:07,01/09/0025,-0.44,1,0.001,0.002,0.01,-0.276,-0.753,-1.684,1,150,0.005,2,0.058905,0,0.02923,0,0,-6.8e-05,standard,0,mpf,7000,500,5,2,300,300,300,126.753685,25,-10.187344,123.86084,126.393303,-2.532463,2.482373,2.434516,1.647915,0.933632,0.31362,0.02525,0.205445,1.610723,91.967583,0.000997,2.433934,-6.6e-05,1,2.383437,-5.3e-05,1,0.60157,0.600478,0.107326,0,PSF-00238_20250109140643_e9d,PFA-00249,PSA-00261,PSF-00238,RHS-00257,3.0.0,2021-01-19T12:57:14.097Z,0.12671211755812,21.3763567642374,21.2427135284747,0.0071279276165328,1
22,14:06:50,01/09/0025,Auto gsw+F,LI-COR Default,NaN,22,NaN,NaN,0.148293,2.919997,0.141126,2.972663,0.780021,0.694989,2.892059,2.112037,6.806682,7.63948,28.32464,0.441786,7.5,PSF-00238_20250109140650_86c,0,0,0,110.339645,178.798965,0.382884,0.5,0.8,287.69809,1,30.28,26.98,21.51,23.42,23.42,102.1,156.5,151.4,3.2,1878,4.086,14:02:07,01/09/0025,-0.44,1,0.001,0.002,-9999,-0.379,-0.279,-9999,1,150,0.005,2,0.058905,0,0.02923,0,0,-6.8e-05,standard,0,mpf,7000,500,5,2,300,300,300,159.58786,25,-14.184623,154.76918,158.479599,-3.710419,2.482665,2.434653,1.646838,0.918206,0.31354,0.02309,0.206125,1.607992,110.339645,0.000997,2.433934,-6.6e-05,1,2.383437,-5.3e-05,1,0.60157,0.600478,0.107326,0,PSF-00238_20250109140650_86c,PFA-00249,PSA-00261,PSF-00238,RHS-00257,3.0.0,2021-01-19T12:57:14.097Z,0.125150510225205,21.3799232113185,21.2498464226369,0.00716396428820361,1
23,14:07:18,01/09/0025,Auto gsw+F,LI-COR Default,NaN,23,NaN,NaN,0.200893,2.921701,0.187968,3.78732,0.811491,0.703331,2.832135,2.020644,6.888094,7.947361,27.736595,0.441786,7.5,PSF-00238_20250109140718_778,0,0,0,104.429123,181.879135,0.425832,0.5,0.8,312.780334,1,31.47,27.28,21.53,23.07,23.07,102.11,156.7,157.1,-0.2,1836,4.085,14:02:07,01/09/0025,-0.44,1,0,0.001,0.001,-1.069,-3.342,-10.831,1,150,0.005,2,0.058905,0,0.02923,0,0,-6.8e-05,standard,0,mpf,7000,500,5,2,300,300,300,162.850143,25,-13.217509,160.696152,162.945145,-2.248993,2.483149,2.436405,1.64862,0.932369,0.313322,0.018844,0.209208,1.574277,104.429123,0.00098,2.433934,-6.6e-05,1,2.383437,-5.3e-05,1,0.60157,0.600478,0.107326,0,PSF-00238_20250109140718_778,PFA-00249,PSA-00261,PSF-00238,RHS-00257,3.0.0,2021-01-19T12:57:14.097Z,0.16670514753363,21.3655466561985,21.201093312397,0.00734319057551331,1
24,14:07:30,01/09/0025,Auto gsw+F,LI-COR Default,NaN,24,NaN,NaN,0.13441,2.920211,0.128495,2.736557,0.768689,0.69042,2.903954,2.135265,6.762327,7.528934,28.44281,0.441786,7.5,PSF-00238_20250109140730_c72,0,0,0,92.552307,174.256775,0.468874,0.5,0.8,302.761169,1,29.82,26.78,21.53,23.49,23.49,102.1,156.5,157.2,-0.4,1614,4.086,14:02:07,01/09/0025,-0.44,1,0.001,0.002,-9999,-0.672,0.843,-9999,1,150,0.005,2,0.058905,0,0.02923,0,0,-6.8e-05,standard,0,mpf,7000,500,5,2,300,300,300,149.936203,25,-17.485144,144.865753,149.209427,-4.343674,2.48234,2.433969,1.647062,0.932623,0.3134,0.023758,0.210466,1.396937,92.552307,0.001008,2.433934,-6.6e-05,1,2.383437,-5.3e-05,1,0.60157,0.600478,0.107326,0,PSF-00238_20250109140730_c72,PFA-00249,PSA-00261,PSF-00238,RHS-00257,3.0.0,2021-01-19T12:57:14.097Z,0.114213792942558,21.4098048999639,21.2896097999278,0.00709436636784876,1
25,14:07:38,01/09/0025,Auto gsw+F,LI-COR Default,NaN,25,NaN,NaN,0.139403,2.919557,0.13305,2.822218,0.761407,0.680641,2.888376,2.126969,6.666541,7.457611,28.29023,0.441786,7.5,PSF-00238_20250109140738_b03,0,0,0,102.391006,180.740494,0.433492,0.5,0.8,309.418182,1,29.54,26.41,21.52,23.4,23.4,102.1,156.4,144.7,7.5,1784,4.085,14:02:07,01/09/0025,-0.44,1,0.001,0.001,-9999,-0.978,-3.973,-9999,1,150,0.005,2,0.058905,0,0.02923,0,0,-6.8e-05,standard,0,mpf,7000,500,5,2,300,300,300,158.553238,25,-16.118847,153.954865,157.65036,-3.695496,2.481717,2.433554,1.64638,0.901533,0.313423,0.022735,0.211205,1.532867,102.391006,0.001002,2.433934,-6.6e-05,1,2.383437,-5.3e-05,1,0.60157,0.600478,0.107326,0,PSF-00238_20250109140738_b03,PFA-00249,PSA-00261,PSF-00238,RHS-00257,3.0.0,2021-01-19T12:57:14.097Z,0.11813139354832,21.396150057821,21.272300115642,0.00700702968171648,1
26,14:07:53,01/09/0025,Auto gsw+F,LI-COR Default,NaN,26,NaN,NaN,0.064501,2.920988,0.063108,1.024201,0.723376,0.694082,2.355659,1.632283,6.797066,7.083934,23.068684,0.441786,7.5,PSF-00238_20250109140753_f87,0,0,0,106.088516,483.886902,0.780758,0.5,0.8,25.983755,1,28.05,26.91,21.54,20.06,20.06,102.11,156.6,157.8,-0.8,83,4.083,14:02:07,01/09/0025,-0.44,1,0.002,0.004,-9999,-0.131,-0.322,-9999,1,150,0.005,2,0.058905,0,0.02923,0,0,-6.8e-05,standard,0,mpf,7000,500,5,2,300,300,300,466.362122,25,-12.414606,470.523132,466.103058,4.420074,2.482544,2.431314,1.647874,0.934319,0.313269,-0.015685,0.212611,0.173792,106.088516,0.001035,2.433934,-6.6e-05,1,2.383437,-5.3e-05,1,0.60157,0.600478,0.107326,0,PSF-00238_20250109140753_f87,PFA-00249,PSA-00261,PSF-00238,RHS-00257,3.0.0,2021-01-19T12:57:14.097Z,0.0560595272303218,21.4945708385969,21.4491416771939,0.00692398147664924,1
27,14:09:17,01/09/0025,Auto gsw+F,LI-COR Default,NaN,27,NaN,NaN,0.046264,2.919816,0.045543,0.699946,0.71372,0.693683,2.260091,1.546371,6.793966,6.990214,22.135456,0.441786,7.5,PSF-00238_20250109140917_190,0,0,0,112.672089,515.021606,0.781228,0.5,0.8,17.763525,1,27.72,26.94,21.51,19.39,19.39,102.1,156.5,157.5,-0.7,57,4.083,14:02:07,01/09/0025,-0.44,1,0,0,-9999,-0.064,-0.127,-9999,1,150,0.005,2,0.058905,0,0.02923,0,0,-6.8e-05,standard,0,mpf,7000,500,5,2,300,300,300,512.830139,25,-1.121343,522.043335,513.415283,8.628052,2.482595,2.430822,1.64665,0.933497,0.313598,-0.022875,0.220642,0.152737,112.672089,0.001014,2.433934,-6.6e-05,1,2.383437,-5.3e-05,1,0.60157,0.600478,0.107326,0,PSF-00238_20250109140917_190,PFA-00249,PSA-00261,PSF-00238,RHS-00257,3.0.0,2021-01-19T12:57:14.097Z,0.040359389419168,21.478917642797,21.447835285594,0.00688026419773716,1
28,14:09:23,01/09/0025,Auto gsw+F,LI-COR Default,NaN,28,NaN,NaN,0.053613,2.919935,0.052647,0.808305,0.707449,0.684311,2.25228,1.544831,6.702496,6.929118,22.059986,0.441786,7.5,PSF-00238_20250109140923_691,0,0,0,107.715729,484.924988,0.777871,0.5,0.8,22.116104,1,27.47,26.57,21.51,19.34,19.34,102.1,156.5,157.6,-0.7,71,4.082,14:02:07,01/09/0025,-0.44,1,0.001,0.003,-9999,0.077,0.078,-9999,1,150,0.005,2,0.058905,0,0.02923,0,0,-6.8e-05,standard,0,mpf,7000,500,5,2,300,300,300,481.557007,25,-1.970515,489.504944,482.102234,7.40271,2.481988,2.430451,1.646774,0.933826,0.313579,-0.023515,0.221074,0.164109,107.715729,0.001009,2.433934,-6.6e-05,1,2.383437,-5.3e-05,1,0.60157,0.600478,0.107326,0,PSF-00238_20250109140923_691,PFA-00249,PSA-00261,PSF-00238,RHS-00257,3.0.0,2021-01-19T12:57:14.097Z,0.0466901782514501,21.4740974329738,21.4381948659475,0.00680021507203946,1
29,14:09:33,01/09/0025,Auto gsw+F,LI-COR Default,NaN,29,NaN,NaN,0.05653,2.920432,0.055456,0.860412,0.709945,0.685325,2.270986,1.561041,6.711977,6.953107,22.241724,0.441786,7.5,PSF-00238_20250109140933_ba4,0,0,0,93.172791,447.499329,0.791792,0.5,0.8,14.418996,1,27.56,26.6,21.52,19.47,19.47,102.1,156.5,157.8,-0.8,46,4.082,14:02:07,01/09/0025,-0.44,1,-0.002,-0.002,-9999,-0.13,-0.35,-9999,1,150,0.005,2,0.058905,0,0.02923,0,0,-6.8e-05,standard,0,mpf,7000,500,5,2,300,300,300,440.156921,25,-4.739397,451.068512,440.710175,10.358337,2.482038,2.430583,1.647293,0.934324,0.31351,-0.02209,0.221906,0.143696,93.172791,0.000999,2.433934,-6.6e-05,1,2.383437,-5.3e-05,1,0.60157,0.600478,0.107326,0,PSF-00238_20250109140933_ba4,PFA-00249,PSA-00261,PSF-00238,RHS-00257,3.0.0,2021-01-19T12:57:14.097Z,0.0493339330606704,21.481697228634,21.443394457268,0.00681848762323724,1
30,14:09:42,01/09/0025,Auto gsw+F,LI-COR Default,NaN,30,NaN,NaN,0.116663,2.919191,0.11218,1.673902,0.745179,0.69725,2.246436,1.501257,6.828718,7.298125,22.001127,0.441786,7.5,PSF-00238_20250109140942_886,0,0,0,76.423645,1.513839,-49.483345,0.5,0.8,-1952.390015,1,28.91,27.05,21.53,19.3,19.3,102.11,156.4,-21.7,113.9,99,4.082,14:02:07,01/09/0025,-0.44,1,0,0.001,-9999,0.947,1.952,-9999,1,150,0.005,2,0.058905,0,0.02923,0,0,-6.8e-05,standard,0,mpf,7000,500,5,2,300,300,300,1.513839,25,0.294908,1.395464,1.936293,-0.540829,2.482771,2.432603,1.645999,0.563432,0.313371,-0.02417,0.222748,0.186125,76.423645,0.001008,2.433934,-6.6e-05,1,2.383437,-5.3e-05,1,0.60157,0.600478,0.107326,0,PSF-00238_20250109140942_886,PFA-00249,PSA-00261,PSF-00238,RHS-00257,3.0.0,2021-01-19T12:57:14.097Z,0.0995009243758186,21.4561695342854,21.3823390685707,0.00703340615604843,1
31,14:09:51,01/09/0025,Auto gsw+F,LI-COR Default,NaN,31,NaN,NaN,0.090354,2.920218,0.087642,1.28393,0.760271,0.723543,2.23416,1.473889,7.08616,7.445863,21.880688,0.441786,7.5,PSF-00238_20250109140951_a17,0,0,0,101.906776,447.804901,0.77243,0.5,0.8,22.80127,1,29.46,28.04,21.54,19.21,19.21,102.11,156.5,156.1,0.3,74,4.082,14:02:07,01/09/0025,-0.44,1,0.002,0.002,-9999,1.733,3.701,-9999,1,150,0.005,2,0.058905,0,0.02923,0,0,-6.8e-05,standard,0,mpf,7000,500,5,2,300,300,300,443.326233,25,-2.725335,449.495667,443.900879,5.594788,2.484405,2.433434,1.64707,0.92991,0.313185,-0.025323,0.223592,0.16628,101.906776,0.001016,2.433934,-6.6e-05,1,2.383437,-5.3e-05,1,0.60157,0.600478,0.107326,0,PSF-00238_20250109140951_a17,PFA-00249,PSA-00261,PSF-00238,RHS-00257,3.0.0,2021-01-19T12:57:14.097Z,0.0769729446117421,21.483743417585,21.42748683517,0.00723917576675418,1
32,14:10:00,01/09/0025,Auto gsw+F,LI-COR Default,NaN,32,NaN,NaN,0.069561,2.920396,0.067943,1.042345,0.743501,0.713682,2.286788,1.543287,6.989326,7.281354,22.395281,0.441786,7.5,PSF-00238_20250109141000_216,0,0,0,101.679321,484.240723,0.790023,0.5,0.8,29.291508,1,28.8,27.64,21.55,19.58,19.58,102.11,156.5,157.8,-0.8,93,4.081,14:02:07,01/09/0025,-0.44,1,0,-0.001,-9999,0.749,1.715,-9999,1,150,0.005,2,0.058905,0,0.02923,0,0,-6.8e-05,standard,0,mpf,7000,500,5,2,300,300,300,475.577484,25,-5.385348,485.059967,476.526245,8.533722,2.483753,2.432442,1.647256,0.934226,0.313083,-0.021231,0.224308,0.181375,101.679321,0.001013,2.433934,-6.6e-05,1,2.383437,-5.3e-05,1,0.60157,0.600478,0.107326,0,PSF-00238_20250109141000_216,PFA-00249,PSA-00261,PSF-00238,RHS-00257,3.0.0,2021-01-19T12:57:14.097Z,0.060143603352329,21.5038887822932,21.4577775645864,0.00711449239715802,1
33,14:10:30,01/09/0025,Auto gsw+F,LI-COR Default,NaN,33,NaN,NaN,0.027179,2.920958,0.026929,0.42326,0.742236,0.730133,2.322992,1.580756,7.150863,7.269394,22.751175,0.441786,7.5,PSF-00238_20250109141030_fc7,0,0,0,102.815865,498.981995,0.793949,0.5,0.8,11.271801,1,28.7,28.23,21.58,19.84,19.84,102.1,156.6,135,13.8,35,4.081,14:02:07,01/09/0025,-0.44,1,0,0,-9999,-0.029,-0.162,-9999,1,150,0.005,2,0.058905,0,0.02923,0,0,-6.8e-05,standard,0,mpf,7000,500,5,2,300,300,300,484.251038,25,-10.669086,491.268768,483.698608,7.57016,2.484713,2.432289,1.647842,0.877873,0.312727,-0.018716,0.227213,0.13568,102.815865,0.001006,2.433934,-6.6e-05,1,2.383437,-5.3e-05,1,0.60157,0.600478,0.107326,0,PSF-00238_20250109141030_fc7,PFA-00249,PSA-00261,PSF-00238,RHS-00257,3.0.0,2021-01-19T12:57:14.097Z,0.0237012464540387,21.5612787666384,21.5425575332769,0.0072022153571713,1
34,14:10:42,01/09/0025,Auto gsw+F,LI-COR Default,NaN,34,NaN,NaN,0.121256,2.920923,0.116423,1.775374,0.751978,0.701218,2.2858,1.533823,6.867836,7.364985,22.387474,0.441786,7.5,PSF-00238_20250109141042_e13,0,0,0,138.700607,506.751984,0.726295,0.5,0.8,49.135563,1,29.05,27.09,21.59,19.58,19.58,102.1,156.6,131,16.4,169,4.081,14:02:07,01/09/0025,-0.44,1,0,0.001,0.02,-0.035,0.357,1.395,1,150,0.005,2,0.058905,0,0.02923,0,0,-6.8e-05,standard,0,mpf,7000,500,5,2,300,300,300,478.194946,25,-21.03697,473.537567,476.616669,-3.079102,2.482835,2.432813,1.647807,0.868339,0.312552,-0.021794,0.22838,0.242439,138.700607,0.001019,2.433934,-6.6e-05,1,2.383437,-5.3e-05,1,0.60157,0.600478,0.107326,0,PSF-00238_20250109141042_e13,PFA-00249,PSA-00261,PSF-00238,RHS-00257,3.0.0,2021-01-19T12:57:14.097Z,0.103046926805057,21.5120027860971,21.4340055721943,0.00708088553640502,1
35,14:10:59,01/09/0025,Auto gsw+F,LI-COR Default,NaN,35,NaN,NaN,0.089594,2.921178,0.086928,1.337458,0.755678,0.717448,2.303084,1.547405,7.026741,7.401173,22.556583,0.441786,7.5,PSF-00238_20250109141059_4c1,0,0,0,128.105164,404.093811,0.682982,0.5,0.8,37.239273,1,29.15,27.67,21.62,19.7,19.7,102.1,156.6,157.5,-0.6,136,4.08,14:02:07,01/09/0025,-0.44,1,0.001,0,-9999,0.525,1.13,-9999,1,150,0.005,2,0.058905,0,0.02923,0,0,-6.8e-05,standard,0,mpf,7000,500,5,2,300,300,300,381.738068,25,-16.370152,380.828979,380.643677,0.185303,2.483783,2.432946,1.648073,0.93357,0.312198,-0.020759,0.229813,0.216221,128.105164,0.001009,2.433934,-6.6e-05,1,2.383437,-5.3e-05,1,0.60157,0.600478,0.107326,0,PSF-00238_20250109141059_4c1,PFA-00249,PSA-00261,PSF-00238,RHS-00257,3.0.0,2021-01-19T12:57:14.097Z,0.0769126107644061,21.5610303804357,21.5020607608713,0.00718819000064299,1
36,14:11:12,01/09/0025,Auto gsw+F,LI-COR Default,NaN,36,NaN,NaN,0.072436,2.919667,0.070683,1.096194,0.725911,0.694533,2.285907,1.559996,6.802826,7.110171,22.390053,0.441786,7.5,PSF-00238_20250109141112_fd6,0,0,0,98.50502,465.30603,0.788301,0.5,0.8,40.846436,1,27.98,26.77,21.63,19.58,19.58,102.09,156.4,157.6,-0.7,130,4.079,14:02:07,01/09/0025,-0.44,1,-0.001,0.001,-9999,0.038,0.207,-9999,1,150,0.005,2,0.058905,0,0.02923,0,0,-6.8e-05,standard,0,mpf,7000,500,5,2,300,300,300,442.585602,25,-16.297573,445.378296,441.959869,3.418427,2.482303,2.431205,1.646495,0.933706,0.312094,-0.022205,0.230971,0.210811,98.50502,0.001025,2.433934,-6.6e-05,1,2.383437,-5.3e-05,1,0.60157,0.600478,0.107326,0,PSF-00238_20250109141112_fd6,PFA-00249,PSA-00261,PSF-00238,RHS-00257,3.0.0,2021-01-19T12:57:14.097Z,0.0625213955663184,21.5814998712736,21.5329997425472,0.00693567788991216,1
37,14:11:31,01/09/0025,Auto gsw+F,LI-COR Default,NaN,37,NaN,NaN,0.021237,2.922222,0.021084,0.324547,0.72502,0.715748,2.273577,1.548558,7.010367,7.101179,22.268469,0.441786,7.5,PSF-00238_20250109141131_e9d,0,0,0,116.053818,493.918549,0.765035,0.5,0.8,28.615978,1,27.92,27.56,21.65,19.49,19.49,102.1,156.8,157.9,-0.7,94,4.079,14:02:07,01/09/0025,-0.44,1,0.001,0.002,-9999,-0.192,-0.288,-9999,1,150,0.005,2,0.058905,0,0.02923,0,0,-6.8e-05,standard,0,mpf,7000,500,5,2,300,300,300,488.376617,25,-3.737809,494.850769,488.564178,6.286591,2.483602,2.431108,1.649167,0.934532,0.311884,-0.023372,0.232746,0.18203,116.053818,0.001012,2.433934,-6.6e-05,1,2.383437,-5.3e-05,1,0.60157,0.600478,0.107326,0,PSF-00238_20250109141131_e9d,PFA-00249,PSA-00261,PSF-00238,RHS-00257,3.0.0,2021-01-19T12:57:14.097Z,0.0186881973488335,21.6355602110761,21.6211204221523,0.00705074228741315,1
38,14:11:43,01/09/0025,Auto gsw+F,LI-COR Default,NaN,38,NaN,NaN,0.034029,2.921487,0.033637,0.522833,0.720197,0.705251,2.283788,1.563591,6.907692,7.05408,22.368914,0.441786,7.5,PSF-00238_20250109141143_957,0,0,0,99.203468,441.011749,0.775055,0.5,0.8,34.378777,1,27.72,27.15,21.65,19.56,19.56,102.1,156.7,158,-0.8,111,4.079,14:02:07,01/09/0025,-0.44,1,0,0.001,-9999,0.04,0.145,-9999,1,150,0.005,2,0.058905,0,0.02923,0,0,-6.8e-05,standard,0,mpf,7000,500,5,2,300,300,300,440.586792,25,0.156044,452.77298,441.235291,11.537689,2.482915,2.430809,1.648396,0.934685,0.311794,-0.022646,0.233782,0.195914,99.203468,0.001013,2.433934,-6.6e-05,1,2.383437,-5.3e-05,1,0.60157,0.600478,0.107326,0,PSF-00238_20250109141143_957,PFA-00249,PSA-00261,PSF-00238,RHS-00257,3.0.0,2021-01-19T12:57:14.097Z,0.0293636275625464,21.6271138783775,21.604227756755,0.00696961851536776,1
39,14:11:54,01/09/0025,Auto gsw+F,LI-COR Default,NaN,39,NaN,NaN,0.019248,2.920493,0.019122,0.316567,0.717727,0.70867,2.382383,1.664655,6.940893,7.0296,23.333647,0.441786,7.5,PSF-00238_20250109141154_961,0,0,0,121.099945,483.459442,0.749514,0.5,0.8,16.893957,1,27.61,27.26,21.66,20.24,20.24,102.1,156.6,157.9,-0.8,56,4.078,14:02:07,01/09/0025,-0.44,1,0,0.003,-9999,-1.079,-2.848,-9999,1,150,0.005,2,0.058905,0,0.02923,0,0,-6.8e-05,standard,0,mpf,7000,500,5,2,300,300,300,470.833527,25,-9.812656,473.223206,469.402893,3.820312,2.483099,2.430634,1.647357,0.934404,0.31165,-0.015113,0.234838,0.152342,121.099945,0.001015,2.433934,-6.6e-05,1,2.383437,-5.3e-05,1,0.60157,0.600478,0.107326,0,PSF-00238_20250109141154_961,PFA-00249,PSA-00261,PSF-00238,RHS-00257,3.0.0,2021-01-19T12:57:14.097Z,0.0169115305020089,21.645930349576,21.6318606991519,0.00697764336185923,1
40,14:12:11,01/09/0025,Auto gsw+F,LI-COR Default,NaN,40,NaN,NaN,0.039582,2.921108,0.039053,0.615453,0.718628,0.701028,2.303854,1.585226,6.866096,7.038469,22.564678,0.441786,7.5,PSF-00238_20250109141211_f78,0,0,0,102.599861,485.0979,0.788497,0.5,0.8,30.483627,1,27.61,26.94,21.68,19.7,19.7,102.1,156.6,157.7,-0.7,97,4.078,14:02:07,01/09/0025,-0.44,1,0,0,-9999,0.213,0.322,-9999,1,150,0.005,2,0.058905,0,0.02923,0,0,-6.8e-05,standard,0,mpf,7000,500,5,2,300,300,300,485.0979,25,1.135858,501.309875,486.725006,14.584869,2.482565,2.430641,1.648,0.933988,0.311441,-0.021392,0.236385,0.184537,102.599861,0.001026,2.433934,-6.6e-05,1,2.383437,-5.3e-05,1,0.60157,0.600478,0.107326,0,PSF-00238_20250109141211_f78,PFA-00249,PSA-00261,PSF-00238,RHS-00257,3.0.0,2021-01-19T12:57:14.097Z,0.034124459596464,21.6530366400255,21.6260732800509,0.00693996508623443,1
41,14:13:14,01/09/0025,Auto gsw+F,LI-COR Default,NaN,41,NaN,NaN,0.231772,2.923463,0.214747,4.484062,0.80454,0.676669,2.897714,2.093174,6.6278,7.880272,28.382387,0.441786,7.5,PSF-00238_20250109141314_8c0,0,0,0,100.90506,168.9328,0.402691,0.5,0.8,300.169952,1,30.76,25.88,21.76,23.45,23.45,102.1,156.9,157.9,-0.6,1864,4.077,14:12:38,01/09/0025,1.12,1,0.001,0.001,0.019,-1.008,-1.449,-0.565,1,150,0.005,2,0.058905,0,0.02923,0,0,-6.8e-05,standard,0,mpf,7000,500,5,2,300,300,300,148.478516,25,-15.082786,143.202072,147.326813,-4.124741,2.480793,2.433013,1.650469,0.934411,0.310447,0.020605,0.242518,1.596035,100.90506,0.001001,2.433934,-6.6e-05,1,2.383437,-5.3e-05,1,0.60157,0.600478,0.107326,0,PSF-00238_20250109141314_8c0,PFA-00249,PSA-00261,PSF-00238,RHS-00257,3.0.0,2021-01-19T12:57:14.097Z,0.191385328176333,21.5654692883149,21.3709385766298,0.00716736506267024,1
42,14:13:23,01/09/0025,Auto gsw+F,LI-COR Default,NaN,42,NaN,NaN,0.214448,2.922313,0.199787,3.611997,0.784971,0.681849,2.600272,1.815301,6.678196,7.688203,25.46771,0.441786,7.5,PSF-00238_20250109141323_1b4,0,0,0,86.119293,204.064926,0.577981,0.5,0.8,359.223572,1,29.98,26.04,21.78,21.67,21.67,102.1,156.8,157.1,-0.2,1554,4.076,14:12:38,01/09/0025,1.12,1,0,0.002,-9999,1.405,2.843,-9999,1,150,0.005,2,0.058905,0,0.02923,0,0,-6.8e-05,standard,0,mpf,7000,500,5,2,300,300,300,179.439072,25,-18.552959,175.794846,177.487946,-1.6931,2.481071,2.431843,1.649261,0.932527,0.310221,-0.000247,0.243376,1.348595,86.119293,0.001005,2.433934,-6.6e-05,1,2.383437,-5.3e-05,1,0.60157,0.600478,0.107326,0,PSF-00238_20250109141323_1b4,PFA-00249,PSA-00261,PSF-00238,RHS-00257,3.0.0,2021-01-19T12:57:14.097Z,0.178469682370965,21.622219763117,21.4644395262341,0.00711356253237633,1
43,14:13:32,01/09/0025,Auto gsw+F,LI-COR Default,NaN,43,NaN,NaN,0.215942,2.9188,0.201066,4.297677,0.794079,0.671054,2.936473,2.142394,6.572714,7.777688,28.761595,0.441786,7.5,PSF-00238_20250109141332_e55,0,0,0,98.431351,162.284729,0.393465,0.5,0.8,294.49408,1,30.32,25.63,21.78,23.67,23.67,102.1,156.3,157.9,-1,1871,4.076,14:12:38,01/09/0025,1.12,1,0.002,0.003,-9999,-0.124,0.146,-9999,1,150,0.005,2,0.058905,0,0.02923,0,0,-6.8e-05,standard,0,mpf,7000,500,5,2,300,300,300,142.486816,25,-14.3198,138.027191,141.771713,-3.744522,2.480374,2.432352,1.645592,0.934401,0.310171,0.022929,0.24419,1.602133,98.431351,0.001009,2.433934,-6.6e-05,1,2.383437,-5.3e-05,1,0.60157,0.600478,0.107326,0,PSF-00238_20250109141332_e55,PFA-00249,PSA-00261,PSF-00238,RHS-00257,3.0.0,2021-01-19T12:57:14.097Z,0.179205730678656,21.592314949089,21.4046298981779,0.00709168927574841,1
44,14:13:43,01/09/0025,Auto gsw+F,LI-COR Default,NaN,44,NaN,NaN,0.24662,2.922018,0.227425,3.731362,0.773075,0.666517,2.421885,1.64881,6.528605,7.572353,23.722633,0.441786,7.5,PSF-00238_20250109141343_298,0,0,0,111.31382,340.861603,0.673434,0.5,0.8,106.514931,1,29.5,25.43,21.8,20.51,20.51,102.09,156.7,157.7,-0.6,395,4.076,14:12:38,01/09/0025,1.12,1,0.001,0.003,0.012,0.665,0.713,1.105,1,150,0.005,2,0.058905,0,0.02923,0,0,-6.8e-05,standard,0,mpf,7000,500,5,2,300,300,300,301.466339,25,-28.686777,294.360626,299.768005,-5.407379,2.480051,2.431114,1.648952,0.933979,0.310016,-0.013611,0.24524,0.423212,111.31382,0.00102,2.433934,-6.6e-05,1,2.383437,-5.3e-05,1,0.60157,0.600478,0.107326,0,PSF-00238_20250109141343_298,PFA-00249,PSA-00261,PSF-00238,RHS-00257,3.0.0,2021-01-19T12:57:14.097Z,0.204434797240749,21.6364589005636,21.4729178011272,0.0069819123906375,1
45,14:13:55,01/09/0025,Auto gsw+F,LI-COR Default,NaN,45,NaN,NaN,0.271892,2.922616,0.248751,4.018667,0.782085,0.667386,2.40567,1.623586,6.537105,7.660588,23.563749,0.441786,7.5,PSF-00238_20250109141355_5d2,0,0,0,103.127357,298.441528,0.654447,0.5,0.8,95.554489,1,29.83,25.46,21.8,20.4,20.4,102.09,156.8,155.8,0.6,365,4.075,14:12:38,01/09/0025,1.12,1,0,0.001,0.019,0.569,1.172,3.22,1,150,0.005,2,0.058905,0,0.02923,0,0,-6.8e-05,standard,0,mpf,7000,500,5,2,300,300,300,266.910187,25,-22.463144,261.851898,266.263245,-4.411346,2.480087,2.43161,1.649579,0.92926,0.309929,-0.014922,0.246343,0.398929,103.127357,0.001026,2.433934,-6.6e-05,1,2.383437,-5.3e-05,1,0.60157,0.600478,0.107326,0,PSF-00238_20250109141355_5d2,PFA-00249,PSA-00261,PSF-00238,RHS-00257,3.0.0,2021-01-19T12:57:14.097Z,0.223340259379946,21.6246786915841,21.4493573831681,0.00702260905776914,1
46,14:14:11,01/09/0025,Auto gsw+F,LI-COR Default,NaN,46,NaN,NaN,0.246982,2.922217,0.227734,3.845416,0.76546,0.655659,2.462002,1.696541,6.422571,7.498135,24.11676,0.441786,7.5,PSF-00238_20250109141411_8e2,0,0,0,104.429482,245.353455,0.574371,0.5,0.8,226.283615,1,29.19,25,21.81,20.78,20.78,102.09,156.8,157.5,-0.5,985,4.076,14:12:38,01/09/0025,1.12,1,0.004,0.003,0.011,1.304,1.819,2.528,1,150,0.005,2,0.058905,0,0.02923,0,0,-6.8e-05,standard,0,mpf,7000,500,5,2,300,300,300,223.622925,25,-15.009299,221.019745,223.852737,-2.832993,2.479326,2.430641,1.649161,0.933589,0.309859,-0.010737,0.247899,0.894145,104.429482,0.001027,2.433934,-6.6e-05,1,2.383437,-5.3e-05,1,0.60157,0.600478,0.107326,0,PSF-00238_20250109141411_8e2,PFA-00249,PSA-00261,PSF-00238,RHS-00257,3.0.0,2021-01-19T12:57:14.097Z,0.205072150485315,21.6413454808456,21.4726909616912,0.00688991288746421,1
47,14:14:23,01/09/0025,Auto gsw+F,LI-COR Default,NaN,47,NaN,NaN,0.257144,2.924854,0.236364,4.326793,0.79775,0.674488,2.635307,1.837557,6.606245,7.813536,25.811419,0.441786,7.5,PSF-00238_20250109141423_b40,0,0,0,106.371758,194.03949,0.451804,0.5,0.8,309.455536,1,30.4,25.7,21.82,21.89,21.89,102.1,157.1,156.6,0.3,1712,4.075,14:12:38,01/09/0025,1.12,1,-0.001,-0.004,-0.002,2.248,-0.49,-11.94,1,150,0.005,2,0.058905,0,0.02923,0,0,-6.8e-05,standard,0,mpf,7000,500,5,2,300,300,300,173.879028,25,-14.131096,170.212631,173.796799,-3.584167,2.480496,2.432459,1.651935,0.931167,0.309743,0.001822,0.248973,1.475254,106.371758,0.001032,2.433934,-6.6e-05,1,2.383437,-5.3e-05,1,0.60157,0.600478,0.107326,0,PSF-00238_20250109141423_b40,PFA-00249,PSA-00261,PSF-00238,RHS-00257,3.0.0,2021-01-19T12:57:14.097Z,0.211896058852349,21.6317900824902,21.4435801649805,0.0071278920537063,1
48,14:14:35,01/09/0025,Auto gsw+F,LI-COR Default,NaN,48,NaN,NaN,0.193478,2.9224,0.181464,3.533481,0.769277,0.66839,2.723344,1.954067,6.546523,7.534659,26.673689,0.441786,7.5,PSF-00238_20250109141435_44b,0,0,0,99.720596,153.907379,0.352074,0.5,0.8,215.420975,1,29.31,25.46,21.82,22.43,22.43,102.1,156.8,158,-0.7,1530,4.045,14:12:38,01/09/0025,1.12,1,0,0,-0.004,-1.283,-3.348,-13.072,1,150,0.005,2,0.058905,0,0.02923,0,0,-6.8e-05,standard,0,mpf,7000,500,5,2,300,300,300,142.755035,25,-7.88841,141.351349,142.607285,-1.255936,2.480098,2.430822,1.649352,0.934647,0.309691,0.007988,0.250158,1.329319,99.720596,0.000997,2.433934,-6.6e-05,1,2.383437,-5.3e-05,1,0.60157,0.600478,0.107326,0,PSF-00238_20250109141435_44b,PFA-00249,PSA-00261,PSF-00238,RHS-00257,3.0.0,2021-01-19T12:57:14.097Z,0.162475500647803,21.665037409673,21.510074819346,0.00697306886695302,1
49,14:14:46,01/09/0025,Auto gsw+F,LI-COR Default,NaN,49,NaN,NaN,0.265959,2.92126,0.243766,4.611243,0.814386,0.682663,2.712456,1.89807,6.686101,7.976222,26.56621,0.441786,7.5,PSF-00238_20250109141446_c01,0,0,0,109.698418,205.222733,0.465467,0.5,0.8,261.770844,1,31,25.98,21.84,22.36,22.36,102.1,156.6,157.5,-0.5,1406,4.047,14:12:38,01/09/0025,1.12,1,0.003,0.003,-9999,1.327,2.973,-9999,1,150,0.005,2,0.058905,0,0.02923,0,0,-6.8e-05,standard,0,mpf,7000,500,5,2,300,300,300,182.081573,25,-16.317532,178.149826,181.847992,-3.698166,2.48096,2.433347,1.648159,0.933383,0.309503,0.007052,0.251132,1.230501,109.698418,0.001025,2.433934,-6.6e-05,1,2.383437,-5.3e-05,1,0.60157,0.600478,0.107326,0,PSF-00238_20250109141446_c01,PFA-00249,PSA-00261,PSF-00238,RHS-00257,3.0.0,2021-01-19T12:57:14.097Z,0.218244305267023,21.6391142598182,21.4382285196363,0.0072429456706547,1
50,14:15:01,01/09/0025,Auto gsw+F,LI-COR Default,NaN,50,NaN,NaN,0.272069,2.920038,0.24888,4.39619,0.830589,0.704908,2.603757,1.773168,6.904031,8.134977,25.501781,0.441786,7.5,PSF-00238_20250109141501_7a6,0,0,0,128.39949,294.13681,0.56347,0.5,0.8,288.528809,1,31.54,26.77,21.88,21.69,21.69,102.1,156.5,157.6,-0.7,1280,4.075,14:12:38,01/09/0025,1.12,1,0.006,0.004,0.004,0.128,1.286,-9.823,1,150,0.005,2,0.058905,0,0.02923,0,0,-6.8e-05,standard,0,mpf,7000,500,5,2,300,300,300,268.673309,25,-18.498526,264.197601,267.637817,-3.440216,2.48225,2.434144,1.646882,0.933847,0.309021,-0.001112,0.252619,1.12999,128.39949,0.001013,2.433934,-6.6e-05,1,2.383437,-5.3e-05,1,0.60157,0.600478,0.107326,0,PSF-00238_20250109141501_7a6,PFA-00249,PSA-00261,PSF-00238,RHS-00257,3.0.0,2021-01-19T12:57:14.097Z,0.221774644248489,21.6891070841807,21.4982141683614,0.00743469817041223,1
